league,football_data_div,football_data_name,fbref_squad,club
EPL,E0,Arsenal,Arsenal,Arsenal
EPL,E0,Aston Villa,Aston Villa,Aston Villa
EPL,E0,Bournemouth,Bournemouth,Bournemouth
EPL,E0,Brentford,Brentford,Brentford
EPL,E0,Brighton,Brighton,Brighton
EPL,E0,Chelsea,Chelsea,Chelsea
EPL,E0,Crystal Palace,Crystal Palace,Crystal Palace
EPL,E0,Everton,Everton,Everton
EPL,E0,Fulham,Fulham,Fulham
EPL,E0,Ipswich,Ipswich Town,Ipswich Town
EPL,E0,Leicester,Leicester City,Leicester City
EPL,E0,Liverpool,Liverpool,Liverpool
EPL,E0,Man City,Manchester City,Manchester City
EPL,E0,Man United,Manchester Utd,Manchester United
EPL,E0,Newcastle,Newcastle United,Newcastle United
EPL,E0,Nott'm Forest,Nottingham Forest,Nottingham Forest
EPL,E0,Southampton,Southampton,Southampton
EPL,E0,Tottenham,Tottenham Hotspur,Tottenham Hotspur
EPL,E0,West Ham,West Ham United,West Ham United
EPL,E0,Wolves,Wolves,Wolverhampton Wanderers
ESP,SP1,Alaves,Alavés,Alavés
ESP,SP1,Ath Bilbao,Athletic Club,Athletic Club
ESP,SP1,Ath Madrid,Atlético Madrid,Atlético Madrid
ESP,SP1,Barcelona,Barcelona,Barcelona
ESP,SP1,Betis,Real Betis,Real Betis
ESP,SP1,Celta,Celta Vigo,Celta Vigo
ESP,SP1,Espanol,Espanyol,Espanyol
ESP,SP1,Getafe,Getafe,Getafe
ESP,SP1,Girona,Girona,Girona
ESP,SP1,Las Palmas,Las Palmas,Las Palmas
ESP,SP1,Leganes,Leganés,Leganés
ESP,SP1,Mallorca,Mallorca,Mallorca
ESP,SP1,Osasuna,Osasuna,Osasuna
ESP,SP1,Real Madrid,Real Madrid,Real Madrid
ESP,SP1,Sevilla,Sevilla,Sevilla
ESP,SP1,Sociedad,Real Sociedad,Real Sociedad
ESP,SP1,Valencia,Valencia,Valencia
ESP,SP1,Valladolid,Valladolid,Valladolid
ESP,SP1,Vallecano,Rayo Vallecano,Rayo Vallecano
ESP,SP1,Villarreal,Villarreal,Villarreal
FRA,F1,Angers,Angers,Angers
FRA,F1,Auxerre,Auxerre,Auxerre
FRA,F1,Brest,Brest,Brest
FRA,F1,Le Havre,Le Havre,Le Havre
FRA,F1,Lens,Lens,Lens
FRA,F1,Lille,Lille,Lille
FRA,F1,Lyon,Lyon,Lyon
FRA,F1,Marseille,Marseille,Marseille
FRA,F1,Monaco,Monaco,Monaco
FRA,F1,Montpellier,Montpellier,Montpellier
FRA,F1,Nantes,Nantes,Nantes
FRA,F1,Nice,Nice,Nice
FRA,F1,Paris SG,Paris Saint-Germain,Paris Saint-Germain
FRA,F1,Reims,Reims,Reims
FRA,F1,Rennes,Rennes,Rennes
FRA,F1,St Etienne,Saint-Étienne,Saint-Étienne
FRA,F1,Strasbourg,Strasbourg,Strasbourg
FRA,F1,Toulouse,Toulouse,Toulouse
GER,D1,Augsburg,Augsburg,Augsburg
GER,D1,Bayern Munich,Bayern Munich,Bayern Munich
GER,D1,Bochum,Bochum,Bochum
GER,D1,Dortmund,Dortmund,Borussia Dortmund
GER,D1,Ein Frankfurt,Eintracht Frankfurt,Eintracht Frankfurt
GER,D1,Freiburg,Freiburg,Freiburg
GER,D1,Heidenheim,Heidenheim,Heidenheim
GER,D1,Hoffenheim,Hoffenheim,Hoffenheim
GER,D1,Holstein Kiel,Holstein Kiel,Holstein Kiel
GER,D1,Leverkusen,Leverkusen,Bayer Leverkusen
GER,D1,M'gladbach,Gladbach,Borussia Mönchengladbach
GER,D1,Mainz,Mainz 05,Mainz 05
GER,D1,RB Leipzig,RB Leipzig,RB Leipzig
GER,D1,St Pauli,St Pauli,St. Pauli
GER,D1,Stuttgart,Stuttgart,Stuttgart
GER,D1,Union Berlin,Union Berlin,Union Berlin
GER,D1,Werder Bremen,Werder Bremen,Werder Bremen
GER,D1,Wolfsburg,Wolfsburg,Wolfsburg
ITA,I1,Atalanta,Atalanta,Atalanta
ITA,I1,Bologna,Bologna,Bologna
ITA,I1,Cagliari,Cagliari,Cagliari
ITA,I1,Como,Como,Como
ITA,I1,Empoli,Empoli,Empoli
ITA,I1,Fiorentina,Fiorentina,Fiorentina
ITA,I1,Genoa,Genoa,Genoa
ITA,I1,Inter,Inter,Inter
ITA,I1,Juventus,Juventus,Juventus
ITA,I1,Lazio,Lazio,Lazio
ITA,I1,Lecce,Lecce,Lecce
ITA,I1,Milan,Milan,Milan
ITA,I1,Monza,Monza,Monza
ITA,I1,Napoli,Napoli,Napoli
ITA,I1,Parma,Parma,Parma
ITA,I1,Roma,Roma,Roma
ITA,I1,Torino,Torino,Torino
ITA,I1,Udinese,Udinese,Udinese
ITA,I1,Venezia,Venezia,Venezia
ITA,I1,Verona,Hellas Verona,Hellas Verona
