league,club,football_data_name,fbref_squad,games,games_with_stats,wins,draws,losses,points,goals_for,goals_against,points_per_game,goals_for_pg,goals_against_pg,goal_diff_pg,clean_sheet_pct,failed_to_score_pct,home_ppg,away_ppg,shots_for_pg,shots_against_pg,sot_for_pg,sot_against_pg,corners_for_pg,corners_against_pg,fouls_pg,fouls_drawn_pg,yellows_pg,reds_pg,shot_share,sot_share,corner_share,shot_accuracy,goals_per_shot,goals_per_sot,opp_goals_per_sot,first_half_goal_share,first_half_conceded_share,games_trailing_ht,points_rescued_when_trailing_ht_pg,players_used,tackles_won_per90,interceptions_per90,assisted_goal_share,avg_age_minutes_weighted,top11_minutes_share,top_scorer_goal_share,z_points_per_game,z_goals_for_pg,z_goals_against_pg,z_clean_sheet_pct,z_shots_for_pg,z_shots_against_pg,z_sot_for_pg,z_sot_against_pg,z_shot_share,z_sot_share,z_corners_for_pg,z_corner_share,z_shot_accuracy,z_goals_per_shot,z_goals_per_sot,z_opp_goals_per_sot,z_fouls_pg,z_fouls_drawn_pg,z_yellows_pg,z_reds_pg,z_first_half_goal_share,z_home_ppg,z_away_ppg,z_tackles_won_per90,z_interceptions_per90,z_assisted_goal_share,z_avg_age_minutes_weighted,z_top11_minutes_share,z_top_scorer_goal_share,style_tags
EPL,Liverpool,Liverpool,Liverpool,38,38,25,9,4,84,86,41,2.2105,2.2632,1.0789,1.1842,0.3684,0.0263,2.4211,2.0,17.0526,10.1842,6.0789,3.7105,6.6579,3.7105,11.3158,9.7632,1.6842,0.0789,0.6261,0.621,0.6421,0.3565,0.1327,0.3723,0.2908,0.4651,0.4878,10,1.2,24,10.5277,7.7309,0.7647,26.7514,0.7782,0.3412,1.748,2.1102,-1.0493,1.415,1.8614,-1.1199,1.8037,-1.016,1.4657,1.4174,1.4384,1.4143,0.2621,1.1365,1.3097,-0.683,0.2236,-1.2537,-1.18,0.2872,0.0468,1.6537,1.7314,0.0292,0.0693,0.475,0.8597,0.8908,1.233,territorially_dominant;high_shot_volume;clinical_finishing;restricts_chances;corner_heavy;strong_home_side;experienced_squad;settled_eleven;reliant_on_top_scorer
EPL,Arsenal,Arsenal,Arsenal,38,38,20,14,4,74,69,34,1.9474,1.8158,0.8947,0.9211,0.3421,0.1316,2.0526,1.8421,14.3947,9.5263,4.9474,3.1579,6.6053,3.1053,10.5263,10.6842,1.6842,0.1579,0.6018,0.6104,0.6802,0.3437,0.1261,0.367,0.2833,0.4783,0.4118,5,0.6,25,8.8164,6.0629,0.8209,25.3307,0.7388,0.1343,1.1957,0.9243,-1.5473,1.1376,0.6528,-1.3854,0.4688,-1.6848,1.1808,1.2936,1.3883,1.7937,-0.3026,0.7725,1.1799,-0.852,-0.4004,-0.3443,-1.18,2.4411,0.2105,1.0142,1.3481,-1.3343,-1.7162,1.5045,-0.3683,0.2268,-1.8434,territorially_dominant;clinical_finishing;restricts_chances;corner_heavy;strong_home_side;goals_spread_out
EPL,Manchester City,Man City,Manchester City,38,38,21,8,9,71,72,44,1.8684,1.8947,1.1579,0.7368,0.3421,0.1579,2.2105,1.5263,15.9737,9.3421,5.7105,3.4737,6.6579,3.2632,7.5526,10.1842,1.5,0.0526,0.631,0.6218,0.6711,0.3575,0.1186,0.3318,0.3333,0.5694,0.5,7,0.1429,30,7.6379,5.7942,0.7183,26.3578,0.6689,0.3099,1.03,1.1336,-0.8359,1.1376,1.3708,-1.4597,1.3691,-1.3026,1.5229,1.4268,1.4384,1.7027,0.3069,0.3557,0.3128,0.2826,-2.7506,-0.838,-1.8178,-0.4308,1.3463,1.2883,0.5814,-2.2732,-2.0038,-0.3749,0.5195,-0.9497,0.7672,territorially_dominant;high_shot_volume;restricts_chances;corner_heavy;fast_starters;strong_home_side;heavy_rotation;reliant_on_top_scorer
EPL,Chelsea,Chelsea,Chelsea,38,38,20,9,9,69,64,43,1.8158,1.6842,1.1316,0.5526,0.2895,0.1842,2.1579,1.4737,15.6579,10.4737,5.7368,4.1316,6.2105,3.7105,11.4737,12.0263,2.5789,0.0526,0.5992,0.5813,0.626,0.3664,0.1076,0.2936,0.2739,0.4531,0.4884,10,1.0,29,9.7777,6.8523,0.7705,23.2511,0.7628,0.2459,0.9196,0.5755,-0.907,0.5827,1.2272,-1.0031,1.4001,-0.5064,1.1507,0.9536,1.012,1.2535,0.6995,-0.2563,-0.6281,-1.0664,0.3484,0.9809,1.918,-0.4308,-0.1025,1.1969,0.4536,-0.5683,-0.8712,0.581,-2.1659,0.631,-0.184,territorially_dominant;high_shot_volume;corner_heavy;strong_home_side;young_squad
EPL,Aston Villa,Aston Villa,Aston Villa,38,38,19,9,10,66,58,51,1.7368,1.5263,1.3421,0.1842,0.2368,0.1842,2.1053,1.3684,12.7368,12.1842,4.4737,4.2105,6.1053,4.5263,10.6842,13.3947,1.8947,0.1053,0.5111,0.5152,0.5743,0.3512,0.1198,0.3412,0.3188,0.3966,0.3922,10,1.1,28,9.7408,6.0979,0.8036,26.4636,0.7168,0.2857,0.7539,0.157,-0.3379,0.0277,-0.1011,-0.3128,-0.09,-0.4108,0.1189,0.1793,0.9117,0.7382,0.0307,0.4232,0.5437,-0.0483,-0.2756,2.3321,-0.451,1.0051,-0.8072,1.1055,0.1981,-0.5977,-1.6787,1.1871,0.6109,-0.1443,0.4081,corner_heavy;strong_home_side
EPL,Newcastle United,Newcastle,Newcastle United,38,38,20,6,12,66,68,47,1.7368,1.7895,1.2368,0.5526,0.3421,0.1842,2.0,1.4737,13.7895,12.4474,4.5789,4.3684,5.7368,5.3158,10.3684,12.1842,1.7895,0.0263,0.5256,0.5118,0.519,0.3321,0.1298,0.3908,0.2831,0.5441,0.4894,11,0.8182,24,9.6214,6.8799,0.7576,26.7762,0.7897,0.3485,0.7539,0.8546,-0.6225,1.1376,0.3775,-0.2066,0.0341,-0.2198,0.2886,0.1397,0.5606,0.1882,-0.8162,0.9734,1.7654,-0.8566,-0.5252,1.1368,-0.8155,-1.1487,1.0308,0.9228,0.4536,-0.6929,-0.8416,0.3444,0.8812,1.0832,1.3417,clinical_finishing;fast_starters;strong_home_side;experienced_squad;settled_eleven;reliant_on_top_scorer
EPL,Nottingham Forest,Nott'm Forest,Nottingham Forest,38,38,19,8,11,65,58,46,1.7105,1.5263,1.2105,0.3158,0.3421,0.2105,1.6842,1.7368,12.1842,13.9737,4.3684,4.6316,4.2105,6.3421,10.2895,11.3947,2.2368,0.0526,0.4658,0.4854,0.399,0.3585,0.1253,0.3494,0.2614,0.5,0.3913,7,0.1429,23,11.1905,8.2151,0.7368,25.6308,0.8158,0.3509,0.6987,0.157,-0.6936,1.1376,-0.3524,0.4094,-0.2142,0.0987,-0.4116,-0.169,-0.8942,-1.0076,0.3526,0.7242,0.7461,-1.3505,-0.5875,0.3573,0.7335,-0.4308,0.4813,0.3746,1.0925,0.5573,0.5877,-0.0354,-0.1089,1.5243,1.3773,settled_eleven;reliant_on_top_scorer
EPL,Brighton,Brighton,Brighton,38,38,16,13,9,61,66,59,1.6053,1.7368,1.5526,0.1842,0.2105,0.1316,1.6842,1.5263,14.0263,11.2368,5.0263,3.9211,4.9737,4.8421,11.5263,11.2368,1.8947,0.0789,0.5552,0.5618,0.5067,0.3583,0.1238,0.3455,0.396,0.4091,0.4746,12,1.25,32,11.4139,8.2507,0.6406,24.2758,0.6831,0.1562,0.4777,0.715,0.2312,-0.2497,0.4852,-0.6951,0.5619,-0.7612,0.6356,0.7247,-0.1668,0.0652,0.3446,0.6443,0.6513,1.704,0.39,0.2014,-0.451,0.2872,-0.651,0.3746,0.5814,0.7353,0.6258,-1.7982,-1.2802,-0.7114,-1.5173,young_squad;goals_spread_out
EPL,Bournemouth,Bournemouth,Bournemouth,38,38,15,11,12,56,58,46,1.4737,1.5263,1.2105,0.3158,0.2368,0.2105,1.4737,1.4737,15.2632,12.8158,5.3158,4.5789,6.0263,4.8421,13.5263,10.7895,2.5526,0.0789,0.5436,0.5372,0.5545,0.3483,0.1,0.2871,0.2644,0.3621,0.4565,14,0.6429,29,10.5541,8.8918,0.7193,24.5402,0.7619,0.2105,0.2016,0.157,-0.6936,0.0277,1.0477,-0.0579,0.9034,0.035,0.4994,0.4377,0.8365,0.5412,-0.1002,-0.6751,-0.7868,-1.2824,1.9706,-0.2404,1.8269,0.2872,-1.2367,0.0091,0.4536,0.0503,1.3121,-0.3568,-1.0516,0.6166,-0.7101,high_shot_volume;wasteful_finishing;corner_heavy;physical_combative;young_squad
EPL,Brentford,Brentford,Brentford,38,38,16,8,14,56,66,57,1.4737,1.7368,1.5,0.2368,0.2105,0.2105,1.6316,1.3158,11.6053,17.0263,4.8421,5.5,4.6053,6.4474,8.3947,9.6053,1.6316,0.0263,0.4053,0.4682,0.4167,0.4172,0.1497,0.3587,0.2727,0.5303,0.4386,8,0.0,28,9.9343,7.2992,0.6769,25.3162,0.8224,0.3077,0.2016,0.715,0.0889,-0.2497,-0.6157,1.6413,0.3446,1.1497,-1.1197,-0.3701,-0.5179,-0.8316,2.9448,2.0748,0.975,-1.0927,-2.085,-1.4096,-1.3622,-1.1487,0.8588,0.2832,0.0703,-0.4436,-0.3928,-1.1332,-0.3809,1.6344,0.735,clinical_finishing;concedes_many_chances;fast_starters;settled_eleven
EPL,Fulham,Fulham,Fulham,38,38,15,9,14,54,54,54,1.4211,1.4211,1.4211,0.0,0.1316,0.1842,1.3684,1.4737,13.7105,11.3684,4.5526,4.2632,5.3947,4.5526,11.3684,9.7632,2.1053,0.0526,0.5467,0.5164,0.5423,0.3321,0.1036,0.3121,0.3333,0.4074,0.4444,12,1.3333,26,10.6678,7.6914,0.8302,27.5483,0.7481,0.2264,0.0911,-0.1221,-0.1245,-1.0821,0.3416,-0.642,0.0031,-0.3471,0.5359,0.1942,0.2345,0.4201,-0.8165,-0.4732,-0.1712,0.2826,0.2652,-1.2537,0.2779,-0.4308,-0.672,-0.1736,0.4536,0.1409,0.027,1.6747,1.5485,0.3832,-0.4738,experienced_squad
EPL,Crystal Palace,Crystal Palace,Crystal Palace,38,38,13,14,11,53,51,51,1.3947,1.3421,1.3421,0.0,0.2895,0.2105,1.3158,1.4737,13.5789,12.7368,4.8947,4.0789,4.5263,5.6579,10.9737,11.0,1.9737,0.1053,0.516,0.5455,0.4444,0.3605,0.0988,0.2742,0.329,0.3725,0.4706,11,0.4545,29,11.7603,8.7279,0.7755,25.8412,0.8035,0.2857,0.0359,-0.3314,-0.3379,0.5827,0.2818,-0.0897,0.4067,-0.5701,0.1764,0.5339,-0.5932,-0.5549,0.438,-0.7395,-1.1053,0.185,-0.0468,-0.0325,-0.1777,1.0051,-1.1061,-0.265,0.4536,1.0113,1.1367,0.673,0.073,1.3157,0.4081,wasteful_finishing;active_ball_winning;settled_eleven
EPL,Everton,Everton,Everton,38,38,11,15,12,48,42,44,1.2632,1.1053,1.1579,-0.0526,0.3158,0.3947,1.2632,1.2632,10.6579,12.6316,3.7895,4.4737,4.1053,6.0526,11.3158,10.1316,2.1053,0.0526,0.4576,0.4586,0.4041,0.3556,0.1037,0.2917,0.2588,0.5952,0.3636,8,0.625,26,11.429,8.6112,0.6923,27.5272,0.7221,0.2308,-0.2403,-0.9592,-0.8359,0.8601,-1.0465,-0.1322,-0.8972,-0.0924,-0.5072,-0.4823,-0.9945,-0.9564,0.2212,-0.47,-0.6751,-1.4082,0.2236,-0.89,0.2779,-0.4308,1.6676,-0.3563,-0.0575,0.7473,1.0117,-0.8513,1.5303,-0.0548,-0.409,fast_starters;experienced_squad
EPL,West Ham United,West Ham,West Ham United,38,38,11,10,17,43,46,62,1.1316,1.2105,1.6316,-0.4211,0.1842,0.2105,1.0526,1.2105,12.5263,15.3421,3.8421,4.9211,4.0526,5.5,11.6579,10.7895,2.0526,0.0789,0.4495,0.4384,0.4242,0.3067,0.0966,0.3151,0.3316,0.3696,0.4677,16,0.25,27,10.1747,8.435,0.6744,27.5236,0.7196,0.3023,-0.5164,-0.6802,0.4446,-0.5272,-0.1969,0.9616,-0.8351,0.4491,-0.6026,-0.7182,-1.0446,-0.7562,-1.9351,-0.8612,-0.099,0.2421,0.494,-0.2404,0.0957,0.2872,-1.1433,-0.7218,-0.1853,-0.252,0.8231,-1.179,1.5272,-0.0965,0.6552,concedes_many_chances;experienced_squad
EPL,Manchester United,Man United,Manchester Utd,38,38,11,9,18,42,44,54,1.1053,1.1579,1.4211,-0.2632,0.2632,0.3947,1.2632,0.9474,13.8684,10.9211,4.5789,4.0,5.2632,4.7632,10.8684,10.1316,2.1842,0.0789,0.5594,0.5337,0.5249,0.3302,0.0835,0.2529,0.3553,0.3409,0.4444,14,0.7857,31,13.0753,9.2716,0.6905,24.9991,0.6737,0.1905,-0.5716,-0.8197,-0.1245,0.3052,0.4134,-0.8225,0.0341,-0.6656,0.6852,0.3968,0.1091,0.2469,-0.8997,-1.5893,-1.6301,0.7802,-0.13,-0.89,0.5513,0.2872,-1.5002,-0.3563,-0.8242,2.059,1.7187,-0.8849,-0.6549,-0.869,-1.0083,wasteful_finishing;active_ball_winning;heavy_rotation;goals_spread_out
EPL,Wolverhampton Wanderers,Wolves,Wolves,38,38,12,6,20,42,54,69,1.1053,1.4211,1.8158,-0.3947,0.2105,0.1842,1.1053,1.1053,11.3421,12.4474,4.2105,4.5789,3.9211,5.7368,12.6316,11.6316,1.9474,0.0526,0.4768,0.479,0.406,0.3712,0.1253,0.3375,0.3966,0.4815,0.4928,16,0.375,32,12.6916,7.5571,0.7925,26.4775,0.7267,0.283,-0.5716,-0.1221,0.9426,-0.2497,-0.7353,-0.2066,-0.4005,0.035,-0.283,-0.2431,-1.17,-0.9379,0.9134,0.7253,0.4532,1.7171,1.2635,0.5911,-0.2688,-0.4308,0.2507,-0.6304,-0.4408,1.7533,-0.1167,0.9834,0.623,0.0223,0.3681,
EPL,Tottenham Hotspur,Tottenham,Tottenham Hotspur,38,38,11,5,22,38,64,65,1.0,1.6842,1.7105,-0.0263,0.1579,0.2368,1.1053,0.8947,13.0789,13.7368,4.8684,4.8947,6.3947,5.4211,11.7368,13.0,1.8421,0.0263,0.4877,0.4987,0.5412,0.3722,0.1288,0.3459,0.3495,0.5156,0.5077,16,0.25,31,10.4476,7.6581,0.7705,24.4456,0.607,0.1803,-0.7926,0.5755,0.6581,-0.8046,0.0544,0.3138,0.3756,0.4172,-0.1546,-0.0137,1.1876,0.4089,0.9577,0.9182,0.6611,0.6486,0.5564,1.9423,-0.6333,-1.1487,0.6759,-0.6304,-0.9519,-0.0345,-0.0086,0.581,-1.1334,-1.9924,-1.1592,corner_heavy;young_squad;heavy_rotation;goals_spread_out
EPL,Leicester City,Leicester,Leicester City,38,38,6,7,25,25,33,80,0.6579,0.8684,2.1053,-1.2368,0.0789,0.4474,0.7895,0.5263,8.8158,16.8684,2.9211,5.6842,3.7105,6.0789,11.0526,10.6053,2.2895,0.0,0.3432,0.3394,0.379,0.3313,0.0985,0.2973,0.3704,0.3636,0.5,20,0.45,32,11.2105,7.9737,0.7576,26.0682,0.6662,0.2727,-1.5105,-1.587,1.7252,-1.637,-1.8841,1.5776,-1.9217,1.3727,-1.8469,-1.8763,-1.3707,-1.2065,-0.8479,-0.7578,-0.5365,1.123,0.0156,-0.4222,0.9157,-1.8667,-1.2172,-1.1786,-1.8464,0.5733,0.3293,0.3444,0.2692,-0.9966,0.215,concedes_many_chances;heavy_rotation
EPL,Ipswich Town,Ipswich,Ipswich Town,38,38,4,10,24,22,36,82,0.5789,0.9474,2.1579,-1.2105,0.0526,0.3684,0.3684,0.7895,9.8947,15.9737,3.3421,5.6842,3.8158,6.6316,11.3158,10.8947,2.2105,0.1316,0.3825,0.3703,0.3652,0.3378,0.0957,0.2835,0.3796,0.6111,0.4878,17,0.1765,32,8.9687,7.8311,0.7429,25.1185,0.6462,0.3429,-1.6762,-1.3778,1.8675,-1.9145,-1.3935,1.2165,-1.425,1.3727,-1.387,-1.5158,-1.2704,-1.3439,-0.5643,-0.9107,-0.877,1.3331,0.2236,-0.1364,0.6424,1.7231,1.8653,-1.9096,-1.2075,-1.2129,0.1766,0.0748,-0.5518,-1.3327,1.258,wasteful_finishing;concedes_many_chances;fast_starters;heavy_rotation;reliant_on_top_scorer
EPL,Southampton,Southampton,Southampton,38,38,2,6,30,12,26,86,0.3158,0.6842,2.2632,-1.5789,0.0789,0.4211,0.3158,0.3158,9.0263,17.9474,2.9211,6.7368,4.0,6.4737,12.0789,11.4474,2.3421,0.0789,0.3346,0.3025,0.3819,0.3236,0.0758,0.2342,0.3359,0.4615,0.4884,21,0.0476,36,10.1801,7.49,0.64,24.8929,0.6552,0.16,-2.2285,-2.0754,2.152,-1.637,-1.7884,2.013,-1.9217,2.6466,-1.9476,-2.3092,-1.0948,-1.1778,-1.1891,-2.0151,-2.089,0.3417,0.8267,0.4093,1.098,0.2872,0.0023,-2.0009,-2.3575,-0.2477,-0.1885,-1.8096,-0.7467,-1.1811,-1.4616,wasteful_finishing;concedes_many_chances;physical_combative;heavy_rotation;goals_spread_out
ESP,Barcelona,Barcelona,Barcelona,38,38,28,4,6,88,102,39,2.3158,2.6842,1.0263,1.6579,0.3421,0.0526,2.2632,2.3684,17.8421,7.8158,6.5789,2.9211,6.9737,3.9211,9.6842,12.6053,1.6842,0.0789,0.6954,0.6925,0.6401,0.3687,0.1504,0.408,0.3514,0.451,0.4615,6,1.5,28,8.7732,6.5601,0.7273,24.1672,0.6869,0.2727,2.055,2.9287,-0.842,0.9895,2.5859,-1.9275,2.3701,-1.6712,2.4279,2.159,2.4479,1.8933,0.9293,2.0066,1.8253,0.6454,-1.5734,0.2286,-1.4996,-0.4563,0.2621,1.3814,2.429,-1.8093,-1.7549,0.6158,-1.7078,0.0112,0.0567,territorially_dominant;high_shot_volume;clinical_finishing;restricts_chances;corner_heavy;strong_home_side;young_squad
ESP,Real Madrid,Real Madrid,Real Madrid,38,38,26,6,6,84,78,38,2.2105,2.0526,1.0,1.0526,0.3947,0.0526,2.5789,1.8421,16.6579,10.6316,6.5789,3.4737,6.3947,4.2368,8.7105,14.0263,1.5,0.1053,0.6104,0.6545,0.6015,0.3949,0.1232,0.312,0.2879,0.4487,0.4737,7,1.5714,30,9.7411,8.7643,0.7051,26.2094,0.706,0.3974,1.8257,1.5835,-0.9204,1.5984,2.0752,-0.5808,2.3701,-0.8663,1.3756,1.7412,1.8079,1.376,1.788,0.7061,-0.1176,-0.6648,-2.1448,1.5851,-1.9959,0.0507,0.2269,2.0289,1.3752,-0.4966,0.8428,0.2896,-0.0945,0.3732,1.7836,territorially_dominant;high_shot_volume;corner_heavy;strong_home_side;reliant_on_top_scorer
ESP,Atlético Madrid,Ath Madrid,Atlético Madrid,38,38,22,10,6,76,68,30,2.0,1.7895,0.7895,1.0,0.4474,0.1579,2.4211,1.5789,12.3158,10.2105,4.8158,3.1316,5.0,3.7895,10.6842,11.7632,2.0,0.0789,0.5467,0.606,0.5689,0.391,0.1453,0.3716,0.2521,0.3971,0.4333,8,1.75,24,9.9443,7.0692,0.75,27.9054,0.6699,0.2941,1.3672,1.0229,-1.547,2.2074,0.2026,-0.7822,0.7056,-1.3646,0.5868,1.2091,0.2662,0.9389,1.6596,1.7609,1.0883,-1.4034,-0.9867,-0.5752,-0.6487,-0.4563,-0.5761,1.7051,0.8483,-0.221,-1.155,0.9505,1.2453,-0.3119,0.3529,clinical_finishing;restricts_chances;strong_home_side;experienced_squad
ESP,Athletic Club,Ath Bilbao,Athletic Club,38,38,19,13,6,70,54,29,1.8421,1.4211,0.7632,0.6579,0.3947,0.2368,2.0526,1.6316,12.3684,9.0526,4.0526,3.0263,5.1053,4.0789,12.6842,10.6842,1.6842,0.0789,0.5774,0.5725,0.5559,0.3277,0.1149,0.3506,0.2522,0.4444,0.3448,4,1.75,31,9.3796,8.9844,0.7547,26.457,0.61,0.283,1.0232,0.2382,-1.6253,1.5984,0.2253,-1.336,-0.0149,-1.5179,0.9666,0.8418,0.3825,0.7649,-0.4163,0.3081,0.6646,-1.4019,0.1868,-1.6051,-1.4996,-0.4563,0.1605,0.9497,0.9537,-0.9868,1.1022,1.02,0.1011,-1.4476,0.1992,territorially_dominant;restricts_chances;strong_home_side;heavy_rotation
ESP,Villarreal,Villarreal,Villarreal,38,38,20,10,8,70,71,51,1.8421,1.8684,1.3421,0.5263,0.1842,0.1579,1.7895,1.8947,13.8947,12.7368,4.7105,4.4211,4.8158,4.7368,11.5789,12.9211,2.5526,0.1053,0.5217,0.5159,0.5041,0.339,0.1345,0.3966,0.3036,0.5352,0.5294,10,0.7,31,10.5403,7.5817,0.7391,26.2724,0.6831,0.2754,1.0232,1.1911,0.0979,-0.8373,0.8835,0.426,0.6062,0.5136,0.2774,0.2203,0.0625,0.0717,-0.0443,1.2434,1.5955,-0.3409,-0.4617,0.53,0.8402,0.0507,1.5714,0.4101,1.4806,0.5874,-0.551,0.7904,-0.0447,-0.0605,0.0932,clinical_finishing;fast_starters
ESP,Real Betis,Betis,Real Betis,38,38,16,12,10,60,57,50,1.5789,1.5,1.3158,0.1842,0.1842,0.1316,1.7895,1.3684,13.8684,10.9737,5.0,3.8158,5.1842,4.2632,11.2895,14.4211,1.9474,0.1053,0.5583,0.5672,0.5487,0.3605,0.1082,0.3,0.3448,0.4386,0.42,6,1.3333,36,10.553,9.6296,0.6727,26.9462,0.5746,0.1636,0.45,0.4064,0.0196,-0.8373,0.8722,-0.4172,0.8795,-0.368,0.7297,0.7834,0.4698,0.6694,0.6606,-0.0137,-0.3604,0.5107,-0.6315,1.9618,-0.7905,0.0507,0.0696,0.4101,0.4268,0.6045,1.8626,-0.1877,0.4875,-2.1204,-1.4539,high_shot_volume;heavy_rotation;goals_spread_out
ESP,Celta Vigo,Celta,Celta Vigo,38,38,16,7,15,55,59,57,1.4474,1.5526,1.5,0.0526,0.2105,0.1053,1.8947,1.0,11.7632,10.5,4.6579,3.9211,3.9474,4.1842,12.1053,11.8684,2.2105,0.1316,0.5284,0.5429,0.4854,0.396,0.132,0.3333,0.3826,0.4237,0.4912,14,0.8571,30,9.03,7.0233,0.6897,26.334,0.6587,0.1897,0.1634,0.5185,0.5679,-0.5328,-0.0357,-0.6438,0.5565,-0.2146,0.3595,0.5176,-0.8974,-0.1788,1.8217,1.125,0.3142,1.2894,-0.1529,-0.4748,-0.0815,0.5577,-0.1615,0.6259,-0.3109,-1.461,-1.209,0.0617,0.0039,-0.5236,-1.0936,goals_spread_out
ESP,Osasuna,Osasuna,Osasuna,38,38,12,16,10,52,48,52,1.3684,1.2632,1.3684,-0.1053,0.2368,0.2105,1.8947,0.8421,11.0526,12.3421,3.4474,4.9211,4.6053,5.0,13.3421,10.6579,2.2632,0.0,0.4724,0.4119,0.4795,0.3119,0.1143,0.3664,0.2781,0.4792,0.3654,10,0.5,25,9.8158,7.0263,0.6087,27.03,0.7913,0.4565,-0.0086,-0.0981,0.1762,-0.2283,-0.3422,0.2372,-0.5863,1.2419,-0.3332,-0.9198,-0.1702,-0.259,-0.9324,0.2791,0.9836,-0.8672,0.5729,-1.6303,0.0603,-1.9774,0.7002,0.6259,-0.627,-0.3953,-1.2055,-1.1308,0.5538,1.9917,2.6018,clinical_finishing;settled_eleven;reliant_on_top_scorer
ESP,Rayo Vallecano,Vallecano,Rayo Vallecano,38,38,13,13,12,52,41,45,1.3684,1.0789,1.1842,-0.1053,0.2632,0.2368,1.3684,1.3684,13.5789,12.3158,4.3947,4.1579,5.3158,5.0263,13.7368,11.1053,2.5263,0.0789,0.5244,0.5138,0.514,0.3236,0.0795,0.2455,0.2848,0.4878,0.4,9,0.5556,26,10.7046,8.7751,0.7105,28.8537,0.7147,0.1579,-0.0086,-0.4905,-0.3721,0.0761,0.7473,0.2247,0.3081,0.1303,0.3102,0.1983,0.6153,0.2038,-0.5478,-1.385,-1.4632,-0.7282,0.8045,-1.2032,0.7693,-0.4563,0.8345,-0.4533,0.4268,0.8101,0.8555,0.3691,1.9945,0.5391,-1.5334,wasteful_finishing;active_ball_winning;physical_combative;fast_starters;experienced_squad;goals_spread_out
ESP,Mallorca,Mallorca,Mallorca,38,38,13,9,16,48,35,44,1.2632,0.9211,1.1579,-0.2368,0.2368,0.3684,1.4211,1.1053,10.1316,14.7105,3.0,4.3684,3.8158,6.3421,12.1579,11.8421,2.1053,0.1579,0.4078,0.4071,0.3756,0.2961,0.0909,0.307,0.2651,0.4,0.3636,8,0.25,28,9.4935,8.8324,0.7059,28.1774,0.7279,0.2059,-0.2379,-0.8268,-0.4504,-0.2283,-0.7394,1.37,-1.0086,0.437,-1.1332,-0.9726,-1.0429,-1.6497,-1.45,-0.8379,-0.2184,-1.1359,-0.122,-0.4999,-0.3651,1.0647,-0.5303,-0.3453,-0.1001,-0.8323,0.9231,0.3007,1.4602,0.7903,-0.8689,concedes_many_chances;experienced_squad;settled_eleven;goals_spread_out
ESP,Real Sociedad,Sociedad,Real Sociedad,38,38,13,7,18,46,35,46,1.2105,0.9211,1.2105,-0.2895,0.3421,0.5,1.4211,1.0,10.1842,11.5,3.5,3.7895,5.6842,4.7368,13.1842,11.6842,2.2368,0.1053,0.4697,0.4801,0.5455,0.3437,0.0904,0.2632,0.3194,0.4571,0.4565,12,0.0833,31,10.7214,7.5447,0.6471,24.6827,0.6768,0.2647,-0.3525,-0.8268,-0.2937,0.9895,-0.7167,-0.1655,-0.5366,-0.4063,-0.3676,-0.1715,1.0225,0.6253,0.1082,-0.8603,-1.106,-0.0132,0.4802,-0.6506,-0.0106,0.0507,0.3579,-0.3453,-0.3109,0.833,-0.5945,-0.5657,-1.3006,-0.1803,-0.0544,wasteful_finishing;corner_heavy;young_squad
ESP,Valencia,Valencia,Valencia,38,38,11,13,14,46,44,54,1.2105,1.1579,1.4211,-0.2632,0.2105,0.2632,1.6316,0.7895,10.1316,11.2368,3.2632,4.0,4.8947,5.0,11.6316,12.4737,2.2368,0.0263,0.4741,0.4493,0.4947,0.3221,0.1143,0.3548,0.3553,0.4773,0.5556,15,0.4667,32,10.9011,7.6887,0.6047,24.2051,0.7445,0.2558,-0.3525,-0.3223,0.3329,-0.5328,-0.7394,-0.2914,-0.7602,-0.0997,-0.3121,-0.5102,0.1498,-0.055,-0.5991,0.2791,0.7494,0.7261,-0.4308,0.103,-0.0106,-1.4704,0.6708,0.0863,-0.7324,1.0767,-0.4249,-1.1904,-1.6779,1.1036,-0.1775,young_squad;settled_eleven
ESP,Alavés,Alaves,Alavés,38,38,10,12,16,42,38,48,1.1053,1.0,1.2632,-0.2632,0.2368,0.3421,1.2632,0.9474,10.6842,10.4474,3.5263,3.6579,4.8421,4.5526,16.1053,13.2105,2.7895,0.1316,0.5056,0.4908,0.5154,0.33,0.0936,0.2836,0.3453,0.4211,0.3958,10,0.3,29,12.1249,7.8548,0.5263,26.0959,0.7171,0.3421,-0.5818,-0.6586,-0.1371,-0.2283,-0.5011,-0.6689,-0.5118,-0.598,0.0775,-0.0541,0.0916,0.2227,-0.338,-0.7095,-0.6927,0.521,2.1942,0.8063,1.4783,0.5577,-0.2031,-0.6691,-0.4163,2.7365,-0.2291,-2.3442,-0.1842,0.5838,1.0174,physical_combative;reliant_on_top_scorer
ESP,Espanyol,Espanol,Espanyol,38,38,11,9,18,42,40,51,1.1053,1.0526,1.3421,-0.2895,0.2105,0.2895,1.5789,0.6316,9.4211,14.8947,2.7895,5.1842,3.7895,5.9737,13.1053,12.0263,2.2632,0.0263,0.3874,0.3498,0.3881,0.2961,0.1117,0.3774,0.2589,0.375,0.451,10,0.1,27,10.2662,8.055,0.7105,24.7849,0.7348,0.3158,-0.5818,-0.5465,0.0979,-0.5328,-1.0458,1.4581,-1.2074,1.6252,-1.3858,-1.6014,-1.072,-1.4824,-1.4505,0.157,1.2052,-1.2634,0.4339,-0.324,0.0603,-1.4704,-0.9189,-0.0216,-1.0485,0.2155,0.0068,0.3691,-1.2199,0.9204,0.653,clinical_finishing;concedes_many_chances;young_squad;settled_eleven
ESP,Getafe,Getafe,Getafe,38,38,11,9,18,42,34,39,1.1053,0.8947,1.0263,-0.1316,0.2368,0.4211,1.0,1.2105,11.4211,9.7895,3.3684,3.4474,3.8684,3.8684,15.8158,13.9211,2.8684,0.1842,0.5385,0.4942,0.5,0.2949,0.0783,0.2656,0.2977,0.3529,0.5385,15,0.4,30,10.4341,7.1322,0.6176,27.2506,0.7251,0.2941,-0.5818,-0.8828,-0.842,-0.2283,-0.1833,-0.9836,-0.6608,-0.9046,0.4845,-0.0172,-0.9847,0.0163,-1.4884,-1.4384,-1.0561,-0.4619,2.0243,1.4846,1.691,1.5718,-1.2618,-1.2087,0.1107,0.4434,-1.0807,-0.9989,0.728,0.7372,0.3529,wasteful_finishing;restricts_chances;physical_combative
ESP,Girona,Girona,Girona,38,38,11,8,19,41,44,60,1.0789,1.1579,1.5789,-0.4211,0.2105,0.2895,1.2632,0.8947,10.4474,12.1053,3.8421,4.3421,4.7895,4.4211,11.5,11.8684,1.9737,0.0526,0.4632,0.4695,0.52,0.3678,0.1108,0.3014,0.3636,0.4318,0.4,14,0.1429,30,9.3202,7.6616,0.7209,27.0001,0.6722,0.2558,-0.6392,-0.3223,0.8029,-0.5328,-0.6032,0.124,-0.2137,0.3986,-0.4471,-0.2888,0.0335,0.2843,0.8974,0.114,-0.3327,0.899,-0.508,-0.4748,-0.7196,-0.9633,-0.0358,-0.6691,-0.5216,-1.0674,-0.4568,0.5223,0.5301,-0.267,-0.1775,
ESP,Sevilla,Sevilla,Sevilla,38,38,10,11,17,41,42,55,1.0789,1.1053,1.4474,-0.3421,0.2632,0.2368,1.2632,0.8947,12.4211,10.8158,4.1842,3.8684,4.8684,4.3421,12.9211,11.2895,2.5526,0.2105,0.5345,0.5196,0.5286,0.3369,0.089,0.2642,0.3741,0.4762,0.4909,12,0.4167,35,10.3445,9.3656,0.8205,25.5034,0.7075,0.2821,-0.6392,-0.4344,0.4112,0.0761,0.248,-0.4927,0.1093,-0.2913,0.4359,0.2615,0.1207,0.3991,-0.1147,-0.9299,-1.0859,1.116,0.3258,-1.0274,0.8402,2.0788,0.654,-0.6691,-0.5216,0.3218,1.5514,1.9891,-0.6523,0.4031,0.1858,wasteful_finishing
ESP,Leganés,Leganes,Leganés,38,38,9,13,16,40,39,56,1.0526,1.0263,1.4737,-0.4474,0.2895,0.3684,1.3158,0.7895,9.1316,15.0,3.1053,4.7105,2.9737,6.3684,13.2368,12.9474,2.1579,0.1579,0.3784,0.3973,0.3183,0.3401,0.1124,0.3305,0.3128,0.5641,0.3571,8,0.125,26,10.2293,8.802,0.7105,27.2896,0.6932,0.2105,-0.6965,-0.6026,0.4896,0.3806,-1.1707,1.5084,-0.9093,0.9353,-1.4977,-1.0805,-1.9737,-2.4179,-0.0101,0.1886,0.257,-0.1494,0.5111,0.5551,-0.2233,1.0647,2.0205,-0.5612,-0.7324,0.1656,0.8872,0.3691,0.7588,0.1305,-0.8046,concedes_many_chances;fast_starters;experienced_squad;goals_spread_out
ESP,Las Palmas,Las Palmas,Las Palmas,38,38,8,8,22,32,40,61,0.8421,1.0526,1.6053,-0.5526,0.1053,0.2895,0.8947,0.7895,10.7895,14.1316,3.7105,4.7895,4.2105,5.2105,11.7895,12.7632,2.8158,0.1053,0.4329,0.4365,0.4469,0.3439,0.0976,0.2837,0.3352,0.275,0.4098,14,0.3571,34,10.0896,8.4256,0.7105,26.3619,0.6568,0.2632,-1.1551,-0.5465,0.8812,-1.7507,-0.4557,1.0931,-0.3379,1.0502,-0.8223,-0.6501,-0.6065,-0.6947,0.1159,-0.52,-0.6905,0.3113,-0.3382,0.3793,1.5492,0.0507,-2.4733,-1.4246,-0.7324,-0.0239,0.4437,0.3691,0.026,-0.5592,-0.0758,concedes_many_chances
ESP,Valladolid,Valladolid,Valladolid,38,38,4,4,30,16,26,90,0.4211,0.6842,2.3684,-1.6842,0.1316,0.4211,0.6842,0.1579,8.8158,15.7105,2.8421,5.4211,4.1053,5.1316,12.0526,13.2368,2.4474,0.1316,0.3594,0.3439,0.4444,0.3224,0.0776,0.2407,0.4369,0.3462,0.4444,19,0.0526,38,9.7377,8.2071,0.5769,25.0536,0.5749,0.1923,-2.0722,-1.3312,3.1527,-1.4462,-1.3069,1.8482,-1.1577,1.9702,-1.7326,-1.666,-0.7229,-0.728,-0.589,-1.4732,-1.5597,2.4112,-0.1837,0.8315,0.5566,0.5577,-1.3673,-1.8562,-1.997,-0.5012,0.1861,-1.5988,-1.0076,-2.1134,-1.0569,wasteful_finishing;concedes_many_chances;young_squad;heavy_rotation;goals_spread_out
FRA,Paris Saint-Germain,Paris SG,Paris Saint-Germain,34,34,26,6,2,84,92,35,2.4706,2.7059,1.0294,1.6765,0.2059,0.0294,2.5882,2.3529,18.4412,9.2353,8.2941,3.0588,6.3529,3.2647,8.7647,10.3824,1.0882,0.0,0.6663,0.7306,0.6606,0.4498,0.1467,0.3262,0.3365,0.4022,0.3429,5,1.6,28,11.3824,7.9412,0.7753,23.1046,0.6477,0.236,2.3314,2.5303,-1.2252,-0.3706,2.8057,-1.4888,2.8939,-1.8074,2.1632,2.309,2.3667,1.8834,1.7341,1.1185,0.2242,0.301,-2.689,-1.865,-2.2795,-1.7542,-0.5997,1.7436,2.4446,0.1066,-1.1672,1.1813,-1.3972,-0.8765,-0.2811,territorially_dominant;high_shot_volume;restricts_chances;corner_heavy;strong_home_side;young_squad;heavy_rotation
FRA,Marseille,Marseille,Marseille,34,34,20,5,9,65,74,47,1.9118,2.1765,1.3824,0.7941,0.1471,0.1765,2.0,1.8235,14.0,9.3235,6.0294,4.0,5.2059,3.1176,11.3824,11.2647,1.8824,0.1765,0.6003,0.6012,0.6254,0.4307,0.1555,0.361,0.3456,0.3514,0.4468,10,0.4,32,10.6719,8.1225,0.7,26.1854,0.7464,0.3,1.1159,1.4298,-0.2834,-1.0377,0.7612,-1.4466,1.0921,-0.7429,1.3049,1.035,0.7458,1.4652,1.3042,1.471,1.0625,0.4739,-0.5188,-0.8528,0.0237,1.1605,-1.3304,0.7009,1.329,-0.7851,-0.9834,0.2989,0.5493,0.9371,0.9369,territorially_dominant;high_shot_volume;clinical_finishing;settled_eleven;reliant_on_top_scorer
FRA,Monaco,Monaco,Monaco,34,34,18,7,9,61,63,41,1.7941,1.8529,1.2059,0.6471,0.3235,0.1471,2.2941,1.2941,14.4412,9.8235,5.5588,3.8529,5.4118,3.4706,13.5294,13.5588,1.6765,0.1176,0.5952,0.5906,0.6093,0.3849,0.1283,0.3333,0.313,0.3651,0.4634,10,1.1,28,12.7498,10.6839,0.7778,23.9106,0.674,0.2063,0.8601,0.7574,-0.7543,0.9636,0.9643,-1.2073,0.7176,-0.9093,1.2386,0.9311,1.0367,1.2726,0.2739,0.3748,0.3954,-0.1493,1.2612,1.7787,-0.5734,0.1889,-1.133,1.2223,0.2135,1.8229,1.6125,1.2105,-0.8879,-0.393,-0.8441,territorially_dominant;restricts_chances;active_ball_winning;corner_heavy;strong_home_side;young_squad;goals_spread_out
FRA,Lille,Lille,Lille,34,34,17,9,8,60,52,36,1.7647,1.5294,1.0588,0.4706,0.3235,0.1471,2.1765,1.3529,12.7941,9.9118,4.8824,3.8235,4.9412,4.1765,11.9412,11.3824,2.2059,0.0588,0.5635,0.5608,0.5419,0.3816,0.1195,0.3133,0.2769,0.4808,0.5278,8,0.875,27,10.5664,8.0057,0.5577,25.4885,0.6999,0.3077,0.7961,0.0849,-1.1467,0.9636,0.2061,-1.1651,0.1794,-0.9425,0.827,0.6376,0.3717,0.4704,0.1992,0.0207,-0.0893,-0.8383,-0.0555,-0.7179,0.962,-0.7826,0.5303,1.0137,0.3374,-0.9176,-1.1018,-1.3691,0.109,0.0831,1.0832,restricts_chances;strong_home_side;reliant_on_top_scorer
FRA,Nice,Nice,Nice,34,34,17,9,8,60,66,41,1.7647,1.9412,1.2059,0.7353,0.2353,0.1176,2.1765,1.3529,14.3824,13.3824,5.7353,4.8235,5.0,5.2941,11.4706,12.6765,1.7353,0.1471,0.518,0.5432,0.4857,0.3988,0.135,0.3385,0.25,0.5758,0.4146,6,0.6667,31,11.7763,10.7753,0.6935,25.8656,0.7022,0.1935,0.7961,0.9408,-0.7543,-0.0371,0.9372,0.4958,0.858,0.1885,0.2364,0.4639,0.4549,-0.1993,0.5857,0.6436,0.5191,-1.3528,-0.4457,0.7666,-0.4028,0.6747,1.896,1.0137,0.3374,0.601,1.7052,0.2233,0.3473,0.1259,-1.0875,high_shot_volume;fast_starters;strong_home_side;goals_spread_out
FRA,Lyon,Lyon,Lyon,34,34,17,6,11,57,65,46,1.6765,1.9118,1.3529,0.5588,0.2941,0.1471,2.0588,1.2941,13.0294,12.8824,5.5,4.9412,5.4412,4.6471,11.5588,11.2941,1.6471,0.0,0.5028,0.5268,0.5394,0.4221,0.1467,0.3476,0.2738,0.3385,0.3696,7,0.5714,31,10.1471,8.1471,0.7419,26.7365,0.6999,0.2419,0.6042,0.8796,-0.3619,0.6301,0.3144,0.2565,0.6708,0.3216,0.0393,0.3023,1.0783,0.4397,1.1116,1.1183,0.7395,-0.8978,-0.3725,-0.8191,-0.6587,-1.7542,-1.5157,0.8052,0.2135,-1.4439,-0.9585,0.7904,0.8975,0.0821,-0.1673,corner_heavy;strong_home_side;experienced_squad
FRA,Strasbourg,Strasbourg,Strasbourg,34,34,16,9,9,57,56,44,1.6765,1.6471,1.2941,0.3529,0.2941,0.1471,2.0588,1.2941,10.3824,13.5,4.2353,5.0294,4.1176,4.8235,11.5,12.7941,2.0588,0.0882,0.4347,0.4571,0.4605,0.4079,0.1586,0.3889,0.2573,0.4107,0.3636,6,1.3333,30,9.7362,8.1772,0.7963,20.7821,0.8011,0.2593,0.6042,0.3294,-0.5189,0.6301,-0.9041,0.5521,-0.3354,0.4214,-0.8456,-0.3831,-0.792,-0.4994,0.792,1.5993,1.7362,-1.2131,-0.4213,0.9016,0.5355,-0.2969,-0.4769,0.8052,0.2135,-1.9596,-0.928,1.4276,-2.8647,1.9411,0.1621,clinical_finishing;strong_home_side;young_squad;settled_eleven
FRA,Lens,Lens,Lens,34,34,15,7,12,52,42,39,1.5294,1.2353,1.1471,0.0882,0.3824,0.2941,1.3529,1.7059,14.4706,10.8824,4.7647,4.2647,5.4706,3.7353,14.5,11.0,2.5294,0.2353,0.5708,0.5277,0.5942,0.3293,0.0854,0.2593,0.269,0.4762,0.4103,7,0.1429,33,11.0204,9.5726,0.65,26.5866,0.6064,0.2,0.2843,-0.5264,-0.9113,1.6307,0.9778,-0.7006,0.0858,-0.4435,0.9218,0.3114,1.1198,1.0936,-0.9796,-1.359,-1.3924,-0.9904,2.0659,-1.1565,1.9004,2.132,0.4645,-0.446,1.0811,-0.3478,0.4863,-0.2872,0.8028,-1.6342,-0.9648,territorially_dominant;wasteful_finishing;corner_heavy;physical_combative;experienced_squad;heavy_rotation;goals_spread_out
FRA,Brest,Brest,Brest,34,34,15,5,14,50,52,59,1.4706,1.5294,1.7353,-0.2059,0.2941,0.2059,1.9412,1.0,12.0882,12.1176,4.6765,4.2941,4.1765,4.9118,12.5588,12.9706,1.9412,0.0882,0.4994,0.5213,0.4595,0.3869,0.1265,0.327,0.4041,0.5577,0.5254,13,0.0769,30,12.8189,9.0174,0.6154,27.7129,0.6941,0.25,0.1564,0.0849,0.6584,0.6301,-0.1188,-0.1095,0.0156,-0.4103,-0.0055,0.2487,-0.7088,-0.511,0.3175,0.3025,0.2436,1.5923,0.4565,1.104,0.1943,-0.2969,1.6363,0.5967,-0.4063,1.9096,-0.0764,-0.6929,1.5144,-0.0231,-0.014,fast_starters;experienced_squad
FRA,Auxerre,Auxerre,Auxerre,34,34,11,9,14,42,48,51,1.2353,1.4118,1.5,-0.0882,0.2941,0.2059,1.5882,0.8824,11.0882,13.3235,4.4706,5.1765,3.9118,5.9412,11.8235,11.3824,1.9706,0.1176,0.4542,0.4634,0.397,0.4032,0.1273,0.3158,0.2898,0.5208,0.3529,9,0.3333,29,12.097,10.2336,0.7447,25.4063,0.7599,0.2128,-0.3554,-0.1596,0.0305,0.6301,-0.5792,0.4676,-0.1482,0.5877,-0.5925,-0.3214,-1.0829,-1.2559,0.6851,0.3348,-0.0281,-0.5927,-0.1531,-0.7179,0.2796,0.1889,1.1063,-0.029,-0.6542,1.0035,1.1562,0.8226,0.0571,1.1852,-0.7221,active_ball_winning;fast_starters;settled_eleven
FRA,Toulouse,Toulouse,Toulouse,34,34,11,9,14,42,44,43,1.2353,1.2941,1.2647,0.0294,0.2941,0.2353,1.1765,1.2941,11.7353,10.1176,4.5882,3.2647,4.7941,3.7647,12.8529,12.7059,1.5882,0.0882,0.537,0.5843,0.5601,0.391,0.1103,0.2821,0.3874,0.3864,0.3953,10,0.3,27,10.7933,8.339,0.7907,24.6597,0.7643,0.1628,-0.3554,-0.4042,-0.5973,0.6301,-0.2813,-1.0666,-0.0546,-1.5746,0.4833,0.8686,0.1639,0.6873,0.4102,-0.3533,-0.8423,1.2728,0.7004,0.8003,-0.8293,-0.2969,-0.827,-0.7588,0.2135,-0.6327,-0.764,1.362,-0.4147,1.2662,-1.6725,wasteful_finishing;restricts_chances;settled_eleven;goals_spread_out
FRA,Rennes,Rennes,Rennes,34,34,13,2,19,41,51,50,1.2059,1.5,1.4706,0.0294,0.3235,0.2059,1.6471,0.7647,12.6765,10.9706,4.8235,4.1176,4.9706,3.7647,13.0294,11.9706,1.9706,0.0588,0.5361,0.5395,0.569,0.3805,0.1183,0.311,0.3571,0.451,0.5,12,0.0,35,11.1385,10.284,0.6275,24.6319,0.6154,0.3333,-0.4194,0.0238,-0.048,0.9636,0.1519,-0.6584,0.1326,-0.6099,0.471,0.4275,0.4133,0.7931,0.1744,-0.0282,-0.1442,0.6948,0.8467,-0.0431,0.2796,-0.7826,0.102,0.0753,-0.9021,-0.1995,1.2072,-0.5515,-0.4322,-1.4696,1.5708,heavy_rotation;reliant_on_top_scorer
FRA,Angers,Angers,Angers,34,34,10,6,18,36,32,53,1.0588,0.9412,1.5588,-0.6176,0.2059,0.4118,1.0,1.1176,9.0294,14.0294,2.8235,5.7059,3.7941,4.7059,10.9706,12.1471,1.4412,0.0588,0.3916,0.331,0.4464,0.3127,0.1042,0.3333,0.2732,0.4375,0.3962,12,0.0833,30,11.9637,10.1617,0.5484,26.9489,0.7202,0.2903,-0.7392,-1.1378,0.1875,-0.3706,-1.5269,0.8054,-1.4587,1.1865,-1.4062,-1.6248,-1.2491,-0.668,-1.3527,-0.5972,0.3954,-0.9095,-0.8602,0.1593,-1.2559,-0.7826,-0.0918,-1.0717,-0.1584,0.8362,1.0833,-1.4782,1.0317,0.4559,0.7528,concedes_many_chances;active_ball_winning;experienced_squad;reliant_on_top_scorer
FRA,Nantes,Nantes,Nantes,34,34,8,12,14,36,39,52,1.0588,1.1471,1.5294,-0.3824,0.1765,0.2353,1.2353,0.8824,10.1765,12.3824,3.7647,4.4412,4.1765,6.2059,11.9706,11.9118,2.0294,0.1176,0.4511,0.4588,0.4023,0.3699,0.1127,0.3047,0.3444,0.4872,0.4423,12,0.3333,30,11.3101,8.357,0.6923,26.2102,0.7161,0.2308,-0.7392,-0.7098,0.109,-0.7042,-0.9989,0.0172,-0.7098,-0.2439,-0.6328,-0.367,-0.7088,-1.1934,-0.0636,-0.2548,-0.296,0.4507,-0.0312,-0.1106,0.4502,0.1889,0.6225,-0.6546,-0.6542,0.0159,-0.7457,0.2087,0.565,0.3809,-0.3797,
FRA,Le Havre,Le Havre,Le Havre,34,34,10,4,20,34,40,71,1.0,1.1765,2.0882,-0.9118,0.1176,0.2647,0.6471,1.3529,10.2941,14.2941,3.3235,5.2647,3.8529,5.4412,11.0588,12.4118,1.6471,0.1176,0.4187,0.387,0.4146,0.3229,0.1143,0.354,0.3966,0.45,0.4225,13,0.0769,31,11.5223,9.4837,0.5526,26.368,0.6453,0.2632,-0.8672,-0.6487,1.6002,-1.3713,-0.9448,0.9321,-1.0609,0.6875,-1.0544,-1.0739,-1.166,-1.047,-1.124,-0.1914,0.8937,1.4497,-0.7871,0.463,-0.6587,0.1889,0.0879,-1.6973,0.3374,0.2822,0.3962,-1.4284,0.6647,-0.9199,0.2362,clinical_finishing;concedes_many_chances;heavy_rotation
FRA,Reims,Reims,Reims,34,34,8,9,17,33,33,47,0.9706,0.9706,1.3824,-0.4118,0.2059,0.4412,0.9412,1.0,11.6471,14.5588,3.3235,5.4412,3.9412,5.7941,11.5,11.4118,1.8529,0.1471,0.4444,0.3792,0.4048,0.2854,0.0833,0.292,0.2541,0.5152,0.5319,16,0.125,34,10.6124,8.484,0.5938,24.0524,0.7239,0.3438,-0.9311,-1.0766,-0.2834,-0.3706,-0.3219,1.0587,-1.0609,0.8871,-0.7194,-1.1506,-1.0413,-1.1628,-1.9686,-1.4411,-0.6014,-1.2753,-0.4213,-0.6841,-0.0616,0.6747,1.0246,-1.1759,-0.4063,-0.8598,-0.617,-0.9465,-0.7984,0.5241,1.7689,concedes_many_chances;fast_starters;young_squad;reliant_on_top_scorer
FRA,Saint-Étienne,St Etienne,Saint-Étienne,34,34,8,6,20,30,39,77,0.8824,1.1471,2.2647,-1.1176,0.1471,0.2941,1.2353,0.5294,10.6471,15.9706,3.5588,6.3235,3.9706,5.8529,13.1765,11.3529,1.9118,0.0882,0.4,0.3601,0.4042,0.3343,0.1077,0.3223,0.3581,0.4359,0.4805,18,0.3889,32,11.4309,9.7178,0.7179,25.3699,0.7003,0.3077,-1.1231,-0.7098,2.0711,-1.0377,-0.7823,1.7343,-0.8736,1.8851,-1.2969,-1.3384,-0.9998,-1.1704,-0.8673,-0.4559,0.1294,0.7138,0.9686,-0.7516,0.109,-0.2969,-0.1148,-0.6546,-1.3979,0.1675,0.6334,0.5093,0.0341,0.0898,1.0832,concedes_many_chances;reliant_on_top_scorer
FRA,Montpellier,Montpellier,Montpellier,34,34,4,4,26,16,23,79,0.4706,0.6765,2.3235,-1.6471,0.0294,0.5882,0.7647,0.1765,10.9118,15.5294,3.4706,6.0,4.6765,5.2941,12.5588,13.5294,2.5588,0.2059,0.4127,0.3665,0.469,0.3181,0.062,0.1949,0.3873,0.3478,0.4684,22,0.3182,35,11.6165,8.167,0.5652,25.6678,0.5998,0.1739,-2.0187,-1.688,2.228,-2.372,-0.6604,1.5232,-0.9438,1.5191,-1.1321,-1.276,-0.0023,-0.3981,-1.2321,-2.3026,-2.9454,1.2702,0.4565,1.745,1.9857,1.6462,-1.3811,-1.4887,-2.1416,0.4005,-0.9383,-1.2809,0.2223,-1.7553,-1.461,wasteful_finishing;concedes_many_chances;heavy_rotation;goals_spread_out
GER,Bayern Munich,Bayern Munich,Bayern Munich,34,34,25,7,2,82,99,32,2.4118,2.9118,0.9412,1.9706,0.4706,0.0294,2.5882,2.2353,18.8235,6.7647,7.9118,2.5,6.4412,2.5882,8.6765,10.5294,1.4118,0.0294,0.7356,0.7599,0.7134,0.4203,0.1547,0.368,0.3765,0.4141,0.4062,3,0.6667,29,8.5713,6.156,0.6875,27.2578,0.6501,0.2708,2.3864,2.6969,-1.9363,2.3256,3.3253,-2.7078,3.2715,-2.9797,3.2018,3.3595,2.241,2.718,1.9303,1.3988,0.6671,0.7937,-1.6413,-0.1795,-1.9355,-1.1601,-1.0454,2.24,2.1683,-1.1502,-2.1319,-0.6079,1.2802,-1.5751,0.488,territorially_dominant;high_shot_volume;restricts_chances;corner_heavy;strong_home_side;experienced_squad;heavy_rotation
GER,Bayer Leverkusen,Leverkusen,Leverkusen,34,34,19,12,3,69,72,43,2.0294,2.1176,1.2647,0.8529,0.2647,0.1471,2.0,2.0588,14.9118,9.8824,5.6471,4.0294,6.3529,3.3824,9.5588,10.7941,1.7647,0.0294,0.6014,0.5836,0.6526,0.3787,0.142,0.375,0.3139,0.5556,0.4884,6,1.3333,23,7.8011,6.9768,0.7571,26.4732,0.7637,0.3,1.507,1.1043,-0.9353,0.1388,1.1306,-1.3316,1.0226,-0.8292,1.3678,1.1073,2.1191,1.94,0.6923,0.8936,0.803,-0.5791,-0.9312,0.0939,-0.6133,-1.1601,1.6065,1.1231,1.741,-2.1809,-1.3893,0.6756,0.4177,1.135,1.1802,territorially_dominant;high_shot_volume;clinical_finishing;restricts_chances;corner_heavy;fast_starters;strong_home_side;settled_eleven;reliant_on_top_scorer
GER,Eintracht Frankfurt,Ein Frankfurt,Eintracht Frankfurt,34,34,17,9,8,60,68,46,1.7647,2.0,1.3529,0.6471,0.2647,0.1176,2.0,1.5294,14.0588,13.5,5.3824,4.8824,4.9412,5.0588,10.0588,9.5294,1.6176,0.0294,0.5101,0.5244,0.4941,0.3828,0.1423,0.3716,0.2771,0.5,0.3913,5,0.2,26,10.2399,8.6509,0.6912,24.647,0.7325,0.2206,0.8982,0.8684,-0.6623,0.1388,0.652,0.2653,0.7597,0.37,0.1203,0.3506,0.1688,-0.088,0.8157,0.9034,0.7364,-1.3852,-0.5289,-1.212,-1.1642,-1.1601,0.5647,1.1231,0.459,1.0827,0.1252,-0.5401,-1.5899,0.3909,-0.7043,strong_home_side;young_squad
GER,Borussia Dortmund,Dortmund,Dortmund,34,34,17,6,11,57,71,51,1.6765,2.0882,1.5,0.5882,0.2059,0.1471,2.1176,1.2353,14.0882,11.0,4.8529,4.2647,5.6176,3.9412,9.7353,10.5,1.9706,0.1765,0.5615,0.5323,0.5877,0.3445,0.1482,0.4303,0.3517,0.4225,0.4706,10,0.3,28,9.3156,7.0976,0.8116,26.1377,0.7115,0.3043,0.6952,1.0453,-0.2073,-0.4859,0.6685,-0.8383,0.234,-0.4984,0.8228,0.4515,1.1033,1.1097,-0.326,1.1412,1.8816,0.2511,-0.7892,-0.2098,0.158,1.6572,-0.888,1.3465,-0.2532,-0.1541,-1.28,1.679,0.0489,-0.1109,1.2833,territorially_dominant;clinical_finishing;corner_heavy;strong_home_side;reliant_on_top_scorer
GER,Freiburg,Freiburg,Freiburg,34,34,16,7,11,55,49,53,1.6176,1.4412,1.5588,-0.1176,0.3235,0.2353,1.7647,1.4706,11.8824,12.6765,4.2353,4.4706,3.8824,4.3235,9.2941,10.1471,1.6176,0.0588,0.4838,0.4865,0.4731,0.3564,0.1213,0.3403,0.3487,0.4286,0.3962,9,0.4444,26,9.3316,7.6831,0.7609,26.7501,0.7616,0.2174,0.56,-0.2523,-0.0253,0.7636,-0.5691,-0.0982,-0.3793,-0.2089,-0.2392,-0.1332,-1.2939,-0.3567,0.03,0.0676,0.1259,0.1844,-1.1442,-0.5743,-1.1642,-0.5967,-0.7748,0.6763,0.3165,-0.1328,-0.7504,0.7443,0.722,1.0841,-0.7801,settled_eleven;goals_spread_out
GER,Mainz 05,Mainz,Mainz 05,34,34,14,10,10,52,55,43,1.5294,1.6176,1.2647,0.3529,0.2647,0.2353,1.5294,1.5294,12.2059,13.5294,4.4118,4.6765,4.8235,5.0882,11.9706,10.2647,2.1765,0.1471,0.4743,0.4854,0.4866,0.3614,0.1325,0.3667,0.2704,0.4909,0.5116,11,0.5455,25,9.9228,10.456,0.6981,26.9391,0.7986,0.3396,0.357,0.1016,-0.9353,0.1388,-0.3876,0.2783,-0.2041,0.0806,-0.3696,-0.1466,0.0063,-0.1836,0.1791,0.5157,0.6405,-1.5314,1.0095,-0.4528,0.9294,1.0937,0.3942,0.2296,0.459,0.6584,1.7582,-0.4123,0.9298,1.9679,2.1204,physical_combative;experienced_squad;settled_eleven;reliant_on_top_scorer
GER,RB Leipzig,RB Leipzig,RB Leipzig,34,34,13,12,9,51,53,48,1.5,1.5588,1.4118,0.1471,0.4118,0.2647,1.7647,1.2353,11.9706,14.6471,4.4706,4.8235,4.7353,5.5,11.1176,10.1471,1.9706,0.1471,0.4497,0.481,0.4626,0.3735,0.1302,0.3487,0.2927,0.5849,0.4375,8,1.125,29,9.9937,7.9301,0.7059,24.9336,0.6647,0.2549,0.2894,-0.0164,-0.4803,1.7008,-0.5196,0.7716,-0.1457,0.2873,-0.7053,-0.2031,-0.1156,-0.4908,0.5366,0.4236,0.2898,-1.0436,0.3231,-0.5743,0.158,1.0937,2.1569,0.6763,-0.2532,0.7533,-0.5269,-0.2691,-1.2749,-1.2271,0.11,concedes_many_chances;fast_starters;young_squad;heavy_rotation
GER,Werder Bremen,Werder Bremen,Werder Bremen,34,34,14,9,11,51,54,57,1.5,1.5882,1.6765,-0.0882,0.2941,0.2647,1.2353,1.7647,12.4118,13.6176,4.3235,4.7647,4.7353,4.7647,9.8529,12.4706,2.1765,0.1471,0.4768,0.4757,0.4985,0.3483,0.128,0.3673,0.3519,0.4815,0.5439,11,0.2727,23,9.5708,9.4235,0.717,27.0976,0.7594,0.1887,0.2894,0.0426,0.3387,0.4512,-0.2721,0.3172,-0.2917,0.2046,-0.3348,-0.2706,-0.1156,-0.0325,-0.2108,0.3336,0.6538,0.2539,-0.6946,1.825,0.9294,1.0937,0.2174,-0.3289,1.0288,0.1873,0.8241,-0.0646,1.1041,1.0336,-1.4615,experienced_squad;settled_eleven;goals_spread_out
GER,Stuttgart,Stuttgart,Stuttgart,34,34,14,8,12,50,64,53,1.4706,1.8824,1.5588,0.3235,0.2059,0.1765,1.3529,1.5882,13.7353,11.2941,5.4412,4.0294,5.2941,4.7353,10.5294,12.5882,2.1176,0.1176,0.5488,0.5745,0.5279,0.3961,0.137,0.3459,0.3869,0.4219,0.4151,8,1.25,29,8.5386,8.5386,0.7377,24.4636,0.718,0.2459,0.2217,0.6324,-0.0253,-0.4859,0.4705,-0.7084,0.8181,-0.8292,0.6482,0.9916,0.6564,0.3439,1.2114,0.6956,0.2364,1.0216,-0.1502,1.9464,0.709,0.5303,-0.9003,-0.1055,0.6014,-1.194,0.0235,0.3174,-1.7915,0.0452,-0.1036,young_squad
GER,Borussia Mönchengladbach,M'gladbach,Gladbach,34,34,13,6,15,45,55,57,1.3235,1.6176,1.6765,-0.0588,0.2059,0.1765,1.4118,1.2353,12.1176,17.0294,4.8529,5.6471,4.6471,5.2941,9.9412,9.9412,1.5588,0.0882,0.4157,0.4622,0.4675,0.4005,0.1335,0.3333,0.2969,0.4545,0.386,10,0.0,26,8.3986,9.2532,0.7358,25.8503,0.7179,0.3019,-0.1165,0.1016,0.3387,-0.4859,-0.4371,1.8232,0.234,1.4452,-1.1696,-0.4436,-0.2375,-0.4292,1.3405,0.5541,-0.0096,-0.9517,-0.6236,-0.7869,-1.3846,-0.0332,-0.2877,0.0062,-0.2532,-1.3813,0.67,0.2832,-0.2671,0.0427,1.2249,concedes_many_chances;reliant_on_top_scorer
GER,Augsburg,Augsburg,Augsburg,34,34,11,10,13,43,35,51,1.2647,1.0294,1.5,-0.4706,0.3235,0.3529,1.3529,1.1765,11.6471,13.2941,3.5882,4.8529,4.5882,5.0588,10.3529,11.1176,2.2647,0.1471,0.467,0.4251,0.4756,0.3081,0.0884,0.2869,0.3091,0.4857,0.4706,10,0.1,29,9.0097,10.2799,0.7429,26.4024,0.7193,0.2571,-0.2518,-1.0781,-0.2073,0.7636,-0.7011,0.1744,-1.0219,0.3287,-0.4694,-0.9176,-0.3188,-0.3248,-1.4085,-1.2438,-0.9155,-0.6838,-0.2922,0.4279,1.2599,1.0937,0.2968,-0.1055,-0.3957,-0.5635,1.5989,0.4123,0.3398,0.0763,0.1632,wasteful_finishing
GER,Wolfsburg,Wolfsburg,Wolfsburg,34,34,11,10,13,43,56,54,1.2647,1.6471,1.5882,0.0588,0.1765,0.2059,0.9412,1.5882,12.7941,13.7941,4.2353,4.7647,4.8529,5.2353,10.3235,11.1471,2.2353,0.0882,0.4812,0.4706,0.481,0.331,0.1287,0.3889,0.3333,0.375,0.4444,13,0.5385,27,8.9949,9.2013,0.717,24.7605,0.7138,0.1887,-0.2518,0.1606,0.0657,-0.7983,-0.0576,0.3951,-0.3793,0.2046,-0.2752,-0.3363,0.0469,-0.2552,-0.7257,0.3644,1.0739,-0.1522,-0.3159,0.4583,1.1497,-0.0332,-1.7794,-0.8873,0.6014,-0.5833,0.6231,-0.0646,-1.4651,-0.0563,-1.4615,clinical_finishing;young_squad;goals_spread_out
GER,Union Berlin,Union Berlin,Union Berlin,34,33,10,10,14,40,35,51,1.1765,1.0294,1.5,-0.4706,0.2353,0.4118,1.2353,1.1176,11.9394,12.303,3.6364,4.2727,4.3939,4.8788,12.3636,9.5455,2.1212,0.0303,0.4925,0.4598,0.4739,0.3046,0.0888,0.2917,0.3475,0.5429,0.551,13,0.6154,28,9.4858,9.1618,0.6944,26.6338,0.6887,0.25,-0.4547,-1.0781,-0.2073,-0.1736,-0.5371,-0.2631,-0.9741,-0.4871,-0.1207,-0.4745,-0.5872,-0.3473,-1.513,-1.2259,-0.8222,0.1588,1.3258,-1.1955,0.7223,-1.143,1.3684,-0.3289,-0.5381,0.0736,0.5873,-0.4799,0.5941,-0.655,-0.0063,wasteful_finishing;fast_starters
GER,Hoffenheim,Hoffenheim,Hoffenheim,34,34,7,11,16,32,46,68,0.9412,1.3529,2.0,-0.6471,0.1176,0.2647,1.0,0.8824,12.9412,14.1471,4.5294,5.1176,4.6176,5.5588,11.5588,11.3235,1.9412,0.0588,0.4777,0.4695,0.4538,0.35,0.1045,0.2987,0.3908,0.4565,0.5,17,0.3529,35,10.1292,8.8593,0.6522,26.0235,0.6858,0.2391,-0.9959,-0.4293,1.3397,-1.4231,0.0249,0.5509,-0.0873,0.7009,-0.3224,-0.35,-0.2781,-0.6045,-0.1614,-0.5997,-0.685,1.108,0.6781,0.6405,0.0479,-0.5967,-0.2506,-0.7756,-1.1079,0.9345,0.3137,-1.2589,-0.0767,-0.7222,-0.2643,
GER,St. Pauli,St Pauli,St Pauli,34,34,8,8,18,32,28,41,0.9412,0.8235,1.2059,-0.3824,0.2647,0.5,0.8235,1.0588,11.0294,11.1471,3.3529,4.2941,4.3529,4.5294,10.3824,10.8235,1.5882,0.1176,0.4973,0.4385,0.4901,0.304,0.0747,0.2456,0.2808,0.4643,0.4634,12,0.1667,28,9.5399,7.3021,0.8462,26.4443,0.763,0.2308,-0.9959,-1.491,-1.1173,0.1388,-1.0477,-0.7733,-1.2555,-0.4571,-0.0545,-0.7467,-0.6438,-0.1398,-1.5299,-1.7905,-1.7204,-1.3037,-0.2685,0.1242,-1.2744,0.5303,-0.105,-1.1107,-0.6806,0.146,-1.095,2.3159,0.3858,1.1175,-0.4627,wasteful_finishing;settled_eleven
GER,Heidenheim,Heidenheim,Heidenheim,34,34,8,5,21,29,37,64,0.8529,1.0882,1.8824,-0.7941,0.2647,0.4118,0.6471,1.0588,11.9412,13.4706,3.9412,5.1471,4.1176,4.8824,11.3235,11.9706,1.8529,0.0294,0.4699,0.4337,0.4575,0.33,0.0911,0.2761,0.3657,0.4054,0.5,17,0.0588,27,10.68,8.9735,0.7027,26.3197,0.7164,0.1892,-1.1988,-0.9601,0.9757,0.1388,-0.5361,0.2523,-0.6714,0.7422,-0.4294,-0.8081,-0.9689,-0.5564,-0.755,-1.1342,-1.1254,0.5578,0.4888,1.3087,-0.2827,-1.1601,-1.2092,-1.4458,-0.6806,1.6716,0.417,-0.3277,0.2488,0.006,-1.4494,wasteful_finishing;goals_spread_out
GER,Bochum,Bochum,Bochum,34,33,6,7,21,25,33,67,0.7353,0.9706,1.9706,-1.0,0.1765,0.3824,0.7647,0.7059,12.8485,13.9091,4.1515,4.6667,4.8182,5.3636,13.8788,8.8182,2.0606,0.0303,0.4802,0.4708,0.4732,0.3231,0.0731,0.2263,0.4351,0.4839,0.4478,16,0.375,27,10.408,8.7569,0.7188,27.4297,0.6919,0.2812,-1.4694,-1.1961,1.2487,-0.7983,-0.0271,0.4459,-0.4625,0.0668,-0.2891,-0.3337,-0.0011,-0.3555,-0.9613,-1.8524,-2.0975,2.0786,2.545,-1.9464,0.4953,-1.143,0.2622,-1.2224,-1.5352,1.3077,0.2211,-0.032,1.4691,-0.5783,0.7352,wasteful_finishing;experienced_squad
GER,Holstein Kiel,Holstein Kiel,Holstein Kiel,34,34,6,7,21,25,49,80,0.7353,1.4412,2.3529,-0.9118,0.0588,0.2059,0.8235,0.6471,10.7941,16.1765,4.1471,5.9412,3.5294,6.5882,11.9706,11.0,2.2647,0.1471,0.4002,0.4111,0.3488,0.3842,0.1335,0.3475,0.396,0.4898,0.525,21,0.1429,27,9.823,8.5251,0.5918,25.1153,0.6334,0.2245,-1.4694,-0.2523,2.4317,-2.0479,-1.1797,1.4467,-0.467,1.8588,-1.3818,-1.0965,-1.7815,-1.9474,0.8559,0.5549,0.2671,1.2228,1.0095,0.3065,1.2599,1.0937,0.3733,-1.1107,-1.6777,0.5249,0.0113,-2.3708,-1.0751,-1.9742,-0.6117,concedes_many_chances;physical_combative;young_squad;heavy_rotation
ITA,Napoli,Napoli,Napoli,38,38,24,10,4,82,59,27,2.1579,1.5526,0.7105,0.8421,0.5,0.1579,2.3684,1.9474,13.2895,9.5263,4.1842,2.5526,5.5,3.8947,10.9211,12.3421,1.2105,0.0,0.5825,0.6211,0.5854,0.3149,0.1168,0.3711,0.2784,0.4915,0.4815,5,2.0,27,8.4737,6.8947,0.75,28.0913,0.7875,0.25,1.6488,0.6862,-1.9599,2.0,0.6647,-1.3824,0.1719,-2.2298,1.1158,1.3835,1.2365,1.1682,-0.5962,0.6162,1.2632,-0.7293,-1.1304,-0.0897,-2.1384,-1.5724,0.8136,1.6291,1.4724,-0.5565,-0.5472,0.5095,1.8793,2.3129,0.183,territorially_dominant;clinical_finishing;restricts_chances;corner_heavy;fast_starters;strong_home_side;experienced_squad;settled_eleven
ITA,Inter,Inter,Inter,38,38,24,9,5,81,79,35,2.1316,2.0789,0.9211,1.1579,0.4211,0.1053,2.2632,2.0,15.0263,10.4737,5.1053,3.5,5.8158,3.6842,10.8947,11.4211,1.5,0.0263,0.5893,0.5933,0.6122,0.3398,0.1384,0.4072,0.2632,0.4937,0.3714,3,1.3333,26,7.7107,6.0265,0.75,28.8152,0.6566,0.1842,1.5946,2.0121,-1.2357,1.2857,1.5796,-0.8588,1.2368,-0.8053,1.2075,1.0713,1.6987,1.5404,0.214,1.702,2.049,-1.0102,-1.1493,-0.6083,-1.2541,-1.1531,0.8443,1.4369,1.5818,-1.224,-1.6757,0.5095,2.48,-0.6183,-0.8166,territorially_dominant;high_shot_volume;clinical_finishing;restricts_chances;corner_heavy;fast_starters;strong_home_side;experienced_squad;goals_spread_out
ITA,Atalanta,Atalanta,Atalanta,38,38,22,8,8,74,78,37,1.9474,2.0526,0.9737,1.0789,0.3947,0.1842,1.6842,2.2105,14.3158,10.5789,5.1053,4.0263,5.0789,3.2632,11.4211,10.8421,1.7632,0.0263,0.5751,0.5591,0.6088,0.3566,0.1434,0.4021,0.2418,0.4872,0.4865,8,1.375,32,9.1603,7.8705,0.7105,26.7751,0.7206,0.3289,1.2149,1.9458,-1.0546,1.0476,1.2053,-0.8007,1.2368,-0.0138,1.0157,0.6876,0.6202,1.4937,0.7626,1.9557,1.9369,-1.4045,-0.7728,-0.9344,-0.4502,-1.1531,0.7515,0.3797,2.0197,0.0442,0.7209,0.0124,0.7869,0.8154,1.3825,territorially_dominant;high_shot_volume;clinical_finishing;fast_starters;experienced_squad;settled_eleven;reliant_on_top_scorer
ITA,Juventus,Juventus,Juventus,38,38,18,16,4,70,58,35,1.8421,1.5263,0.9211,0.6053,0.4474,0.1842,2.1053,1.5789,13.5,10.4474,5.0,3.2368,5.0,4.5263,12.6579,10.1579,1.7368,0.0789,0.5637,0.607,0.5249,0.3704,0.1131,0.3053,0.2846,0.4828,0.4571,7,0.8571,29,9.52,5.5643,0.7143,24.2319,0.6689,0.1786,0.998,0.6199,-1.2357,1.5238,0.7756,-0.8734,1.1151,-1.201,0.8631,1.2257,0.5046,0.3255,1.21,0.4259,-0.1672,-0.6147,0.112,-1.3197,-0.5306,-0.3145,0.6883,1.1486,0.7061,0.3588,-2.2763,0.0597,-1.3237,-0.3426,-0.9023,high_shot_volume;restricts_chances;strong_home_side;young_squad;goals_spread_out
ITA,Roma,Roma,Roma,38,38,20,9,9,69,56,35,1.8158,1.4737,0.9211,0.5526,0.4211,0.1579,2.1579,1.4737,13.3947,11.5,4.5789,4.0263,4.4737,4.0,10.6579,13.2632,1.6842,0.0263,0.5381,0.5321,0.528,0.3418,0.11,0.3218,0.2288,0.3929,0.4857,9,1.2222,28,8.6112,7.4262,0.6364,26.0117,0.7255,0.2182,0.9437,0.4873,-1.2357,1.2857,0.7202,-0.2916,0.6283,-0.0138,0.5166,0.385,-0.2658,0.3684,0.2821,0.2725,0.1931,-1.6462,-1.3187,0.429,-0.6913,-1.1531,-0.5971,1.2447,0.4871,-0.4362,0.1434,-0.9217,0.1534,0.9253,-0.3004,strong_home_side;settled_eleven
ITA,Fiorentina,Fiorentina,Fiorentina,38,38,19,8,11,65,60,41,1.7105,1.5789,1.0789,0.5,0.3158,0.2105,2.1053,1.3158,11.2895,11.4737,4.4737,3.8684,3.8684,4.1053,11.5789,15.3947,2.1316,0.0789,0.496,0.5363,0.4851,0.3963,0.1399,0.3529,0.2789,0.5333,0.4634,10,0.8,34,8.3176,7.1068,0.6724,25.8402,0.6697,0.3276,0.7268,0.7525,-0.6925,0.3333,-0.3888,-0.3062,0.5066,-0.2513,-0.0513,0.4318,-1.1517,-0.227,2.0526,1.778,0.8692,-0.719,-0.6598,1.6294,0.6753,-0.3145,1.4113,1.1486,0.1587,-0.6931,-0.2717,-0.4676,0.011,-0.3238,1.3618,clinical_finishing;fast_starters;strong_home_side;reliant_on_top_scorer
ITA,Lazio,Lazio,Lazio,38,38,18,11,9,65,61,49,1.7105,1.6053,1.2895,0.3158,0.2368,0.1579,1.5789,1.8421,14.1053,10.1316,5.2368,3.2632,6.0263,4.4211,11.1579,13.3684,2.4211,0.1842,0.582,0.6161,0.5768,0.3713,0.1138,0.3065,0.3952,0.3934,0.3878,10,0.3,27,8.3515,7.8494,0.7167,26.6099,0.7339,0.1667,0.7268,0.8187,0.0317,-0.381,1.0944,-1.0479,1.3889,-1.1614,1.1091,1.3275,2.0068,1.0484,1.2392,0.4636,-0.1396,1.4303,-0.961,0.4883,1.5596,1.3628,-0.5887,0.1874,1.2534,-0.6634,0.6935,0.0897,0.6499,1.113,-1.0832,territorially_dominant;high_shot_volume;restricts_chances;corner_heavy;settled_eleven;goals_spread_out
ITA,Milan,Milan,Milan,38,38,18,9,11,63,61,43,1.6579,1.6053,1.1316,0.4737,0.3421,0.1316,1.7895,1.5263,14.6579,11.2895,5.1579,3.7895,5.7105,4.1842,10.9211,11.7632,1.7895,0.1579,0.5649,0.5765,0.5771,0.3519,0.1095,0.3112,0.2986,0.4098,0.4419,10,0.8,35,9.2872,6.2444,0.7288,25.158,0.6791,0.1864,0.6183,0.8187,-0.5115,0.5714,1.3855,-0.408,1.2976,-0.37,0.8789,0.8828,1.5446,1.0526,0.6086,0.2471,-0.0376,-0.3548,-1.1304,-0.4157,-0.3698,0.9435,-0.3543,0.5719,0.5966,0.1552,-1.3925,0.2427,-0.5551,-0.1142,-0.7827,territorially_dominant;high_shot_volume;corner_heavy;goals_spread_out
ITA,Bologna,Bologna,Bologna,38,38,16,14,8,62,57,47,1.6316,1.5,1.2368,0.2632,0.3158,0.1842,1.9474,1.3158,13.5263,8.4737,4.6053,2.8684,4.9737,3.1842,14.0789,16.7895,1.6053,0.1053,0.6148,0.6162,0.6097,0.3405,0.1109,0.3257,0.4312,0.2807,0.4681,12,0.8333,30,9.1654,6.9995,0.7679,25.8481,0.6464,0.2679,0.5641,0.5536,-0.1494,0.3333,0.7895,-1.9642,0.6587,-1.755,1.5524,1.3286,0.4661,1.5054,0.2372,0.3167,0.2774,2.0964,1.1286,2.4148,-0.9325,0.1048,-2.2006,0.8602,0.1587,0.0487,-0.411,0.7344,0.0176,-0.8467,0.4543,territorially_dominant;restricts_chances;strong_home_side;heavy_rotation
ITA,Como,Como,Como,38,38,13,10,15,49,49,52,1.2895,1.2895,1.3684,-0.0789,0.1842,0.2105,1.5263,1.0526,13.6316,10.0789,4.7632,3.9737,4.3947,3.8684,13.0789,14.4211,2.2895,0.1842,0.5749,0.5452,0.5318,0.3494,0.0946,0.2707,0.3444,0.4286,0.3462,10,0.6,38,10.9242,7.0888,0.8864,25.7447,0.6367,0.1818,-0.141,0.0232,0.3033,-0.8571,0.8449,-1.077,0.8412,-0.093,1.0139,0.5317,-0.3813,0.4226,0.5285,-0.5056,-0.9181,0.4913,0.4132,1.0811,1.1576,1.3628,-0.0865,0.0913,-0.3886,1.5873,-0.295,2.227,-0.0683,-1.0626,-0.853,high_shot_volume;wasteful_finishing;heavy_rotation;goals_spread_out
ITA,Torino,Torino,Torino,38,38,10,14,14,44,39,45,1.1579,1.0263,1.1842,-0.1579,0.2632,0.3421,1.3158,1.0,10.1316,13.8158,3.3947,4.7895,4.1579,5.1053,12.6316,10.8158,2.1053,0.0789,0.4231,0.4148,0.4489,0.3351,0.1013,0.3023,0.2473,0.3846,0.4667,13,0.2308,31,6.8137,6.8137,0.5833,26.2208,0.666,0.25,-0.4122,-0.6398,-0.3304,-0.1429,-0.9988,0.9883,-0.7408,1.1337,-1.0344,-0.9314,-0.728,-0.7319,0.0614,-0.1674,-0.231,-1.3043,0.0932,-0.9492,0.5949,-0.3145,-0.7149,-0.2932,-0.4981,-2.0087,-0.6525,-1.5896,0.3269,-0.4072,0.183,concedes_many_chances
ITA,Udinese,Udinese,Udinese,38,38,12,8,18,44,41,56,1.1579,1.0789,1.4737,-0.3947,0.2368,0.3158,1.2632,1.0526,11.4737,13.2105,3.7895,4.4737,4.6842,5.2895,14.1053,10.6053,2.2105,0.1316,0.4648,0.4586,0.4697,0.3303,0.094,0.2847,0.3294,0.439,0.3929,12,0.5833,31,9.1343,7.9694,0.6829,25.8568,0.6641,0.2927,-0.4122,-0.5072,0.6654,-0.381,-0.2918,0.6538,-0.2845,0.6589,-0.4713,-0.4399,0.0424,-0.4426,-0.0944,-0.5338,-0.6137,0.2147,1.1474,-1.0677,0.9164,0.5241,0.063,-0.3893,-0.3886,0.0214,0.8494,-0.3352,0.0248,-0.4494,0.8315,physical_combative;reliant_on_top_scorer
ITA,Genoa,Genoa,Genoa,38,38,10,13,15,43,37,49,1.1316,0.9737,1.2895,-0.3158,0.2895,0.3421,1.1579,1.1053,10.1053,12.5526,3.2105,4.3158,4.0789,5.3158,13.0526,12.5263,1.8684,0.0263,0.446,0.4266,0.4342,0.3177,0.0964,0.3033,0.2988,0.3243,0.3673,12,0.5,37,10.1238,8.2256,0.7714,25.7458,0.6846,0.2857,-0.4664,-0.7723,0.0317,0.0952,-1.0126,0.2902,-0.9538,0.4214,-0.7253,-0.7992,-0.8436,-0.9362,-0.5032,-0.4169,-0.2103,-0.3516,0.3944,0.0141,-0.1286,-1.1531,-1.5769,-0.5815,-0.2791,0.8871,1.1824,0.7794,-0.0673,0.0082,0.7256,active_ball_winning
ITA,Hellas Verona,Verona,Hellas Verona,38,38,10,7,21,37,34,66,0.9737,0.8947,1.7368,-0.8421,0.2105,0.4474,0.8947,1.0526,9.6579,13.1842,2.6579,4.6579,4.0,5.2895,15.2368,9.8947,2.4737,0.2368,0.4228,0.3633,0.4306,0.2752,0.0926,0.3366,0.3729,0.4118,0.6364,17,0.1176,32,11.4578,8.4147,0.6452,24.59,0.6601,0.1935,-0.7919,-0.9712,1.5706,-0.619,-1.2483,0.6392,-1.5927,0.9359,-1.038,-1.5091,-0.9591,-0.986,-1.886,-0.6041,0.5147,1.0184,1.9569,-1.4678,1.7203,2.2014,-0.3268,-1.0621,-0.3886,2.0541,1.4282,-0.8109,-1.0266,-0.5385,-0.6747,active_ball_winning;physical_combative;young_squad
ITA,Cagliari,Cagliari,Cagliari,38,38,9,9,20,36,40,56,0.9474,1.0526,1.4737,-0.4211,0.1842,0.3947,1.1579,0.7368,11.0526,13.1053,3.1842,4.0789,4.7632,5.0,13.1579,11.1053,1.7895,0.0789,0.4575,0.4384,0.4879,0.2881,0.0952,0.3306,0.3613,0.375,0.4464,16,0.3125,28,8.2296,7.0162,0.8158,26.1073,0.7097,0.2632,-0.8461,-0.5735,0.6654,-0.8571,-0.5136,0.5956,-0.9842,0.0653,-0.5698,-0.6664,0.1579,-0.1892,-1.4666,-0.4732,0.3831,0.8041,0.4697,-0.7862,-0.3698,-0.3145,-0.8524,-0.5815,-1.0454,-0.7701,-0.3893,1.3381,0.2327,0.5722,0.3829,
ITA,Parma,Parma,Parma,38,38,7,15,16,36,44,58,0.9474,1.1579,1.5263,-0.3684,0.1842,0.2895,1.1053,0.7895,11.1316,14.2105,3.8947,4.3684,4.4211,5.8684,10.6579,12.7105,1.9474,0.1316,0.4393,0.4713,0.4297,0.3499,0.104,0.2973,0.3494,0.3636,0.3966,13,0.6154,32,7.8895,7.3865,0.7209,23.2221,0.6675,0.1395,-0.8461,-0.3083,0.8464,-0.8571,-0.472,1.2064,-0.1628,0.5006,-0.8162,-0.2969,-0.3428,-0.9989,0.5435,-0.0302,-0.3403,0.5842,-1.3187,0.1178,0.1125,0.5241,-1.0149,-0.6776,-0.936,-1.0676,0.0918,0.1434,-2.1618,-0.3747,-1.4954,concedes_many_chances;young_squad;goals_spread_out
ITA,Lecce,Lecce,Lecce,38,38,8,10,20,34,27,58,0.8947,0.7105,1.5263,-0.8158,0.2368,0.4737,0.9474,0.8421,11.8947,14.0,3.3158,4.9211,4.3421,6.0263,12.2368,11.9211,1.5789,0.1579,0.4593,0.4026,0.4188,0.2788,0.0597,0.2143,0.3102,0.4815,0.431,13,0.0769,31,10.3048,7.5498,0.7778,25.5409,0.732,0.4074,-0.9546,-1.4353,0.8464,-0.381,-0.07,1.0901,-0.8321,1.3316,-0.5451,-1.0687,-0.4584,-1.1504,-1.7703,-2.2643,-2.1448,-0.1412,-0.1892,-0.3268,-1.0129,0.9435,0.67,-0.966,-0.8265,1.0454,0.3041,0.8594,-0.2374,1.0709,2.5746,wasteful_finishing;concedes_many_chances;settled_eleven;reliant_on_top_scorer
ITA,Empoli,Empoli,Empoli,38,38,6,13,19,31,33,59,0.8158,0.8684,1.5526,-0.6842,0.1579,0.3947,0.6842,0.9474,9.6053,13.2632,2.8947,4.1842,4.4737,5.1053,14.8947,12.8421,1.7368,0.1316,0.42,0.4089,0.467,0.3014,0.0904,0.3,0.3711,0.5455,0.3729,10,0.3,34,10.5676,8.5069,0.6774,24.9347,0.7453,0.2581,-1.1173,-1.0375,0.9369,-1.0952,-1.276,0.6829,-1.3189,0.2236,-1.0756,-0.9973,-0.2658,-0.4791,-1.0347,-0.7167,-0.2816,0.9849,1.7121,0.1919,-0.5306,0.5241,1.5847,-1.4465,-0.6076,1.2754,1.548,-0.4046,-0.7404,1.368,0.3055,active_ball_winning;fast_starters;settled_eleven
ITA,Venezia,Venezia,Venezia,38,38,5,14,19,29,32,56,0.7632,0.8421,1.4737,-0.6316,0.1579,0.4474,1.0526,0.4737,10.0,14.4211,3.4211,4.9474,3.7632,5.8684,13.2368,13.0263,2.0,0.0526,0.4095,0.4088,0.3907,0.3421,0.0842,0.2462,0.2979,0.4375,0.3929,10,0.4,36,9.8471,7.2142,0.5161,24.9278,0.5935,0.1935,-1.2258,-1.1038,0.6654,-1.0952,-1.0681,1.3228,-0.7104,1.3711,-1.2178,-0.9986,-1.3058,-1.5409,0.2905,-1.0295,-1.452,-0.3684,0.5262,0.2956,0.2733,-0.7338,0.0412,-0.7737,-1.5928,0.645,-0.1321,-2.436,-0.7462,-2.0304,-0.6747,wasteful_finishing;concedes_many_chances;heavy_rotation
ITA,Monza,Monza,Monza,38,38,3,9,26,18,28,69,0.4737,0.7368,1.8158,-1.0789,0.0789,0.4474,0.4211,0.5263,8.7632,14.8158,2.7368,4.8684,3.5789,5.1053,13.4474,14.8158,2.3684,0.0789,0.3717,0.3599,0.4121,0.3123,0.0841,0.2692,0.373,0.5357,0.4348,16,0.0625,36,8.3063,8.148,0.6667,26.2657,0.6361,0.1852,-1.8224,-1.369,1.8422,-1.8095,-1.7196,1.541,-1.5014,1.2524,-1.7282,-1.5478,-1.5754,-1.243,-0.6788,-1.0359,-0.9504,1.0201,0.6768,1.3033,1.3988,-0.3145,1.4454,-1.9271,-1.4833,-0.703,1.0816,-0.54,0.3642,-1.0774,-0.8018,wasteful_finishing;concedes_many_chances;fast_starters;heavy_rotation;goals_spread_out
