league,club,football_data_name,fbref_squad,games,games_with_stats,wins,draws,losses,points,goals_for,goals_against,points_per_game,goals_for_pg,goals_against_pg,goal_diff_pg,clean_sheet_pct,failed_to_score_pct,home_ppg,away_ppg,shots_for_pg,shots_against_pg,sot_for_pg,sot_against_pg,corners_for_pg,corners_against_pg,fouls_pg,fouls_drawn_pg,yellows_pg,reds_pg,shot_share,sot_share,corner_share,shot_accuracy,goals_per_shot,goals_per_sot,opp_goals_per_sot,first_half_goal_share,first_half_conceded_share,games_trailing_ht,points_rescued_when_trailing_ht_pg
EPL,Arsenal,Arsenal,Arsenal,38,38,20,14,4,74,69,34,1.9474,1.8158,0.8947,0.9211,0.3421,0.1316,2.0526,1.8421,14.3947,9.5263,4.9474,3.1579,6.6053,3.1053,10.5263,10.6842,1.6842,0.1579,0.6018,0.6104,0.6802,0.3437,0.1261,0.367,0.2833,0.4783,0.4118,5,0.6
EPL,Aston Villa,Aston Villa,Aston Villa,38,38,19,9,10,66,58,51,1.7368,1.5263,1.3421,0.1842,0.2368,0.1842,2.1053,1.3684,12.7368,12.1842,4.4737,4.2105,6.1053,4.5263,10.6842,13.3947,1.8947,0.1053,0.5111,0.5152,0.5743,0.3512,0.1198,0.3412,0.3188,0.3966,0.3922,10,1.1
EPL,Bournemouth,Bournemouth,Bournemouth,38,38,15,11,12,56,58,46,1.4737,1.5263,1.2105,0.3158,0.2368,0.2105,1.4737,1.4737,15.2632,12.8158,5.3158,4.5789,6.0263,4.8421,13.5263,10.7895,2.5526,0.0789,0.5436,0.5372,0.5545,0.3483,0.1,0.2871,0.2644,0.3621,0.4565,14,0.6429
EPL,Brentford,Brentford,Brentford,38,38,16,8,14,56,66,57,1.4737,1.7368,1.5,0.2368,0.2105,0.2105,1.6316,1.3158,11.6053,17.0263,4.8421,5.5,4.6053,6.4474,8.3947,9.6053,1.6316,0.0263,0.4053,0.4682,0.4167,0.4172,0.1497,0.3587,0.2727,0.5303,0.4386,8,0.0
EPL,Brighton,Brighton,Brighton,38,38,16,13,9,61,66,59,1.6053,1.7368,1.5526,0.1842,0.2105,0.1316,1.6842,1.5263,14.0263,11.2368,5.0263,3.9211,4.9737,4.8421,11.5263,11.2368,1.8947,0.0789,0.5552,0.5618,0.5067,0.3583,0.1238,0.3455,0.396,0.4091,0.4746,12,1.25
EPL,Chelsea,Chelsea,Chelsea,38,38,20,9,9,69,64,43,1.8158,1.6842,1.1316,0.5526,0.2895,0.1842,2.1579,1.4737,15.6579,10.4737,5.7368,4.1316,6.2105,3.7105,11.4737,12.0263,2.5789,0.0526,0.5992,0.5813,0.626,0.3664,0.1076,0.2936,0.2739,0.4531,0.4884,10,1.0
EPL,Crystal Palace,Crystal Palace,Crystal Palace,38,38,13,14,11,53,51,51,1.3947,1.3421,1.3421,0.0,0.2895,0.2105,1.3158,1.4737,13.5789,12.7368,4.8947,4.0789,4.5263,5.6579,10.9737,11.0,1.9737,0.1053,0.516,0.5455,0.4444,0.3605,0.0988,0.2742,0.329,0.3725,0.4706,11,0.4545
EPL,Everton,Everton,Everton,38,38,11,15,12,48,42,44,1.2632,1.1053,1.1579,-0.0526,0.3158,0.3947,1.2632,1.2632,10.6579,12.6316,3.7895,4.4737,4.1053,6.0526,11.3158,10.1316,2.1053,0.0526,0.4576,0.4586,0.4041,0.3556,0.1037,0.2917,0.2588,0.5952,0.3636,8,0.625
EPL,Fulham,Fulham,Fulham,38,38,15,9,14,54,54,54,1.4211,1.4211,1.4211,0.0,0.1316,0.1842,1.3684,1.4737,13.7105,11.3684,4.5526,4.2632,5.3947,4.5526,11.3684,9.7632,2.1053,0.0526,0.5467,0.5164,0.5423,0.3321,0.1036,0.3121,0.3333,0.4074,0.4444,12,1.3333
EPL,Ipswich Town,Ipswich,Ipswich Town,38,38,4,10,24,22,36,82,0.5789,0.9474,2.1579,-1.2105,0.0526,0.3684,0.3684,0.7895,9.8947,15.9737,3.3421,5.6842,3.8158,6.6316,11.3158,10.8947,2.2105,0.1316,0.3825,0.3703,0.3652,0.3378,0.0957,0.2835,0.3796,0.6111,0.4878,17,0.1765
EPL,Leicester City,Leicester,Leicester City,38,38,6,7,25,25,33,80,0.6579,0.8684,2.1053,-1.2368,0.0789,0.4474,0.7895,0.5263,8.8158,16.8684,2.9211,5.6842,3.7105,6.0789,11.0526,10.6053,2.2895,0.0,0.3432,0.3394,0.379,0.3313,0.0985,0.2973,0.3704,0.3636,0.5,20,0.45
EPL,Liverpool,Liverpool,Liverpool,38,38,25,9,4,84,86,41,2.2105,2.2632,1.0789,1.1842,0.3684,0.0263,2.4211,2.0,17.0526,10.1842,6.0789,3.7105,6.6579,3.7105,11.3158,9.7632,1.6842,0.0789,0.6261,0.621,0.6421,0.3565,0.1327,0.3723,0.2908,0.4651,0.4878,10,1.2
EPL,Manchester City,Man City,Manchester City,38,38,21,8,9,71,72,44,1.8684,1.8947,1.1579,0.7368,0.3421,0.1579,2.2105,1.5263,15.9737,9.3421,5.7105,3.4737,6.6579,3.2632,7.5526,10.1842,1.5,0.0526,0.631,0.6218,0.6711,0.3575,0.1186,0.3318,0.3333,0.5694,0.5,7,0.1429
EPL,Manchester United,Man United,Manchester Utd,38,38,11,9,18,42,44,54,1.1053,1.1579,1.4211,-0.2632,0.2632,0.3947,1.2632,0.9474,13.8684,10.9211,4.5789,4.0,5.2632,4.7632,10.8684,10.1316,2.1842,0.0789,0.5594,0.5337,0.5249,0.3302,0.0835,0.2529,0.3553,0.3409,0.4444,14,0.7857
EPL,Newcastle United,Newcastle,Newcastle United,38,38,20,6,12,66,68,47,1.7368,1.7895,1.2368,0.5526,0.3421,0.1842,2.0,1.4737,13.7895,12.4474,4.5789,4.3684,5.7368,5.3158,10.3684,12.1842,1.7895,0.0263,0.5256,0.5118,0.519,0.3321,0.1298,0.3908,0.2831,0.5441,0.4894,11,0.8182
EPL,Nottingham Forest,Nott'm Forest,Nottingham Forest,38,38,19,8,11,65,58,46,1.7105,1.5263,1.2105,0.3158,0.3421,0.2105,1.6842,1.7368,12.1842,13.9737,4.3684,4.6316,4.2105,6.3421,10.2895,11.3947,2.2368,0.0526,0.4658,0.4854,0.399,0.3585,0.1253,0.3494,0.2614,0.5,0.3913,7,0.1429
EPL,Southampton,Southampton,Southampton,38,38,2,6,30,12,26,86,0.3158,0.6842,2.2632,-1.5789,0.0789,0.4211,0.3158,0.3158,9.0263,17.9474,2.9211,6.7368,4.0,6.4737,12.0789,11.4474,2.3421,0.0789,0.3346,0.3025,0.3819,0.3236,0.0758,0.2342,0.3359,0.4615,0.4884,21,0.0476
EPL,Tottenham Hotspur,Tottenham,Tottenham Hotspur,38,38,11,5,22,38,64,65,1.0,1.6842,1.7105,-0.0263,0.1579,0.2368,1.1053,0.8947,13.0789,13.7368,4.8684,4.8947,6.3947,5.4211,11.7368,13.0,1.8421,0.0263,0.4877,0.4987,0.5412,0.3722,0.1288,0.3459,0.3495,0.5156,0.5077,16,0.25
EPL,West Ham United,West Ham,West Ham United,38,38,11,10,17,43,46,62,1.1316,1.2105,1.6316,-0.4211,0.1842,0.2105,1.0526,1.2105,12.5263,15.3421,3.8421,4.9211,4.0526,5.5,11.6579,10.7895,2.0526,0.0789,0.4495,0.4384,0.4242,0.3067,0.0966,0.3151,0.3316,0.3696,0.4677,16,0.25
EPL,Wolverhampton Wanderers,Wolves,Wolves,38,38,12,6,20,42,54,69,1.1053,1.4211,1.8158,-0.3947,0.2105,0.1842,1.1053,1.1053,11.3421,12.4474,4.2105,4.5789,3.9211,5.7368,12.6316,11.6316,1.9474,0.0526,0.4768,0.479,0.406,0.3712,0.1253,0.3375,0.3966,0.4815,0.4928,16,0.375
ESP,Alavés,Alaves,Alavés,38,38,10,12,16,42,38,48,1.1053,1.0,1.2632,-0.2632,0.2368,0.3421,1.2632,0.9474,10.6842,10.4474,3.5263,3.6579,4.8421,4.5526,16.1053,13.2105,2.7895,0.1316,0.5056,0.4908,0.5154,0.33,0.0936,0.2836,0.3453,0.4211,0.3958,10,0.3
ESP,Athletic Club,Ath Bilbao,Athletic Club,38,38,19,13,6,70,54,29,1.8421,1.4211,0.7632,0.6579,0.3947,0.2368,2.0526,1.6316,12.3684,9.0526,4.0526,3.0263,5.1053,4.0789,12.6842,10.6842,1.6842,0.0789,0.5774,0.5725,0.5559,0.3277,0.1149,0.3506,0.2522,0.4444,0.3448,4,1.75
ESP,Atlético Madrid,Ath Madrid,Atlético Madrid,38,38,22,10,6,76,68,30,2.0,1.7895,0.7895,1.0,0.4474,0.1579,2.4211,1.5789,12.3158,10.2105,4.8158,3.1316,5.0,3.7895,10.6842,11.7632,2.0,0.0789,0.5467,0.606,0.5689,0.391,0.1453,0.3716,0.2521,0.3971,0.4333,8,1.75
ESP,Barcelona,Barcelona,Barcelona,38,38,28,4,6,88,102,39,2.3158,2.6842,1.0263,1.6579,0.3421,0.0526,2.2632,2.3684,17.8421,7.8158,6.5789,2.9211,6.9737,3.9211,9.6842,12.6053,1.6842,0.0789,0.6954,0.6925,0.6401,0.3687,0.1504,0.408,0.3514,0.451,0.4615,6,1.5
ESP,Real Betis,Betis,Real Betis,38,38,16,12,10,60,57,50,1.5789,1.5,1.3158,0.1842,0.1842,0.1316,1.7895,1.3684,13.8684,10.9737,5.0,3.8158,5.1842,4.2632,11.2895,14.4211,1.9474,0.1053,0.5583,0.5672,0.5487,0.3605,0.1082,0.3,0.3448,0.4386,0.42,6,1.3333
ESP,Celta Vigo,Celta,Celta Vigo,38,38,16,7,15,55,59,57,1.4474,1.5526,1.5,0.0526,0.2105,0.1053,1.8947,1.0,11.7632,10.5,4.6579,3.9211,3.9474,4.1842,12.1053,11.8684,2.2105,0.1316,0.5284,0.5429,0.4854,0.396,0.132,0.3333,0.3826,0.4237,0.4912,14,0.8571
ESP,Espanyol,Espanol,Espanyol,38,38,11,9,18,42,40,51,1.1053,1.0526,1.3421,-0.2895,0.2105,0.2895,1.5789,0.6316,9.4211,14.8947,2.7895,5.1842,3.7895,5.9737,13.1053,12.0263,2.2632,0.0263,0.3874,0.3498,0.3881,0.2961,0.1117,0.3774,0.2589,0.375,0.451,10,0.1
ESP,Getafe,Getafe,Getafe,38,38,11,9,18,42,34,39,1.1053,0.8947,1.0263,-0.1316,0.2368,0.4211,1.0,1.2105,11.4211,9.7895,3.3684,3.4474,3.8684,3.8684,15.8158,13.9211,2.8684,0.1842,0.5385,0.4942,0.5,0.2949,0.0783,0.2656,0.2977,0.3529,0.5385,15,0.4
ESP,Girona,Girona,Girona,38,38,11,8,19,41,44,60,1.0789,1.1579,1.5789,-0.4211,0.2105,0.2895,1.2632,0.8947,10.4474,12.1053,3.8421,4.3421,4.7895,4.4211,11.5,11.8684,1.9737,0.0526,0.4632,0.4695,0.52,0.3678,0.1108,0.3014,0.3636,0.4318,0.4,14,0.1429
ESP,Las Palmas,Las Palmas,Las Palmas,38,38,8,8,22,32,40,61,0.8421,1.0526,1.6053,-0.5526,0.1053,0.2895,0.8947,0.7895,10.7895,14.1316,3.7105,4.7895,4.2105,5.2105,11.7895,12.7632,2.8158,0.1053,0.4329,0.4365,0.4469,0.3439,0.0976,0.2837,0.3352,0.275,0.4098,14,0.3571
ESP,Leganés,Leganes,Leganés,38,38,9,13,16,40,39,56,1.0526,1.0263,1.4737,-0.4474,0.2895,0.3684,1.3158,0.7895,9.1316,15.0,3.1053,4.7105,2.9737,6.3684,13.2368,12.9474,2.1579,0.1579,0.3784,0.3973,0.3183,0.3401,0.1124,0.3305,0.3128,0.5641,0.3571,8,0.125
ESP,Mallorca,Mallorca,Mallorca,38,38,13,9,16,48,35,44,1.2632,0.9211,1.1579,-0.2368,0.2368,0.3684,1.4211,1.1053,10.1316,14.7105,3.0,4.3684,3.8158,6.3421,12.1579,11.8421,2.1053,0.1579,0.4078,0.4071,0.3756,0.2961,0.0909,0.307,0.2651,0.4,0.3636,8,0.25
ESP,Osasuna,Osasuna,Osasuna,38,38,12,16,10,52,48,52,1.3684,1.2632,1.3684,-0.1053,0.2368,0.2105,1.8947,0.8421,11.0526,12.3421,3.4474,4.9211,4.6053,5.0,13.3421,10.6579,2.2632,0.0,0.4724,0.4119,0.4795,0.3119,0.1143,0.3664,0.2781,0.4792,0.3654,10,0.5
ESP,Real Madrid,Real Madrid,Real Madrid,38,38,26,6,6,84,78,38,2.2105,2.0526,1.0,1.0526,0.3947,0.0526,2.5789,1.8421,16.6579,10.6316,6.5789,3.4737,6.3947,4.2368,8.7105,14.0263,1.5,0.1053,0.6104,0.6545,0.6015,0.3949,0.1232,0.312,0.2879,0.4487,0.4737,7,1.5714
ESP,Sevilla,Sevilla,Sevilla,38,38,10,11,17,41,42,55,1.0789,1.1053,1.4474,-0.3421,0.2632,0.2368,1.2632,0.8947,12.4211,10.8158,4.1842,3.8684,4.8684,4.3421,12.9211,11.2895,2.5526,0.2105,0.5345,0.5196,0.5286,0.3369,0.089,0.2642,0.3741,0.4762,0.4909,12,0.4167
ESP,Real Sociedad,Sociedad,Real Sociedad,38,38,13,7,18,46,35,46,1.2105,0.9211,1.2105,-0.2895,0.3421,0.5,1.4211,1.0,10.1842,11.5,3.5,3.7895,5.6842,4.7368,13.1842,11.6842,2.2368,0.1053,0.4697,0.4801,0.5455,0.3437,0.0904,0.2632,0.3194,0.4571,0.4565,12,0.0833
ESP,Valencia,Valencia,Valencia,38,38,11,13,14,46,44,54,1.2105,1.1579,1.4211,-0.2632,0.2105,0.2632,1.6316,0.7895,10.1316,11.2368,3.2632,4.0,4.8947,5.0,11.6316,12.4737,2.2368,0.0263,0.4741,0.4493,0.4947,0.3221,0.1143,0.3548,0.3553,0.4773,0.5556,15,0.4667
ESP,Valladolid,Valladolid,Valladolid,38,38,4,4,30,16,26,90,0.4211,0.6842,2.3684,-1.6842,0.1316,0.4211,0.6842,0.1579,8.8158,15.7105,2.8421,5.4211,4.1053,5.1316,12.0526,13.2368,2.4474,0.1316,0.3594,0.3439,0.4444,0.3224,0.0776,0.2407,0.4369,0.3462,0.4444,19,0.0526
ESP,Rayo Vallecano,Vallecano,Rayo Vallecano,38,38,13,13,12,52,41,45,1.3684,1.0789,1.1842,-0.1053,0.2632,0.2368,1.3684,1.3684,13.5789,12.3158,4.3947,4.1579,5.3158,5.0263,13.7368,11.1053,2.5263,0.0789,0.5244,0.5138,0.514,0.3236,0.0795,0.2455,0.2848,0.4878,0.4,9,0.5556
ESP,Villarreal,Villarreal,Villarreal,38,38,20,10,8,70,71,51,1.8421,1.8684,1.3421,0.5263,0.1842,0.1579,1.7895,1.8947,13.8947,12.7368,4.7105,4.4211,4.8158,4.7368,11.5789,12.9211,2.5526,0.1053,0.5217,0.5159,0.5041,0.339,0.1345,0.3966,0.3036,0.5352,0.5294,10,0.7
FRA,Angers,Angers,Angers,34,34,10,6,18,36,32,53,1.0588,0.9412,1.5588,-0.6176,0.2059,0.4118,1.0,1.1176,9.0294,14.0294,2.8235,5.7059,3.7941,4.7059,10.9706,12.1471,1.4412,0.0588,0.3916,0.331,0.4464,0.3127,0.1042,0.3333,0.2732,0.4375,0.3962,12,0.0833
FRA,Auxerre,Auxerre,Auxerre,34,34,11,9,14,42,48,51,1.2353,1.4118,1.5,-0.0882,0.2941,0.2059,1.5882,0.8824,11.0882,13.3235,4.4706,5.1765,3.9118,5.9412,11.8235,11.3824,1.9706,0.1176,0.4542,0.4634,0.397,0.4032,0.1273,0.3158,0.2898,0.5208,0.3529,9,0.3333
FRA,Brest,Brest,Brest,34,34,15,5,14,50,52,59,1.4706,1.5294,1.7353,-0.2059,0.2941,0.2059,1.9412,1.0,12.0882,12.1176,4.6765,4.2941,4.1765,4.9118,12.5588,12.9706,1.9412,0.0882,0.4994,0.5213,0.4595,0.3869,0.1265,0.327,0.4041,0.5577,0.5254,13,0.0769
FRA,Le Havre,Le Havre,Le Havre,34,34,10,4,20,34,40,71,1.0,1.1765,2.0882,-0.9118,0.1176,0.2647,0.6471,1.3529,10.2941,14.2941,3.3235,5.2647,3.8529,5.4412,11.0588,12.4118,1.6471,0.1176,0.4187,0.387,0.4146,0.3229,0.1143,0.354,0.3966,0.45,0.4225,13,0.0769
FRA,Lens,Lens,Lens,34,34,15,7,12,52,42,39,1.5294,1.2353,1.1471,0.0882,0.3824,0.2941,1.3529,1.7059,14.4706,10.8824,4.7647,4.2647,5.4706,3.7353,14.5,11.0,2.5294,0.2353,0.5708,0.5277,0.5942,0.3293,0.0854,0.2593,0.269,0.4762,0.4103,7,0.1429
FRA,Lille,Lille,Lille,34,34,17,9,8,60,52,36,1.7647,1.5294,1.0588,0.4706,0.3235,0.1471,2.1765,1.3529,12.7941,9.9118,4.8824,3.8235,4.9412,4.1765,11.9412,11.3824,2.2059,0.0588,0.5635,0.5608,0.5419,0.3816,0.1195,0.3133,0.2769,0.4808,0.5278,8,0.875
FRA,Lyon,Lyon,Lyon,34,34,17,6,11,57,65,46,1.6765,1.9118,1.3529,0.5588,0.2941,0.1471,2.0588,1.2941,13.0294,12.8824,5.5,4.9412,5.4412,4.6471,11.5588,11.2941,1.6471,0.0,0.5028,0.5268,0.5394,0.4221,0.1467,0.3476,0.2738,0.3385,0.3696,7,0.5714
FRA,Marseille,Marseille,Marseille,34,34,20,5,9,65,74,47,1.9118,2.1765,1.3824,0.7941,0.1471,0.1765,2.0,1.8235,14.0,9.3235,6.0294,4.0,5.2059,3.1176,11.3824,11.2647,1.8824,0.1765,0.6003,0.6012,0.6254,0.4307,0.1555,0.361,0.3456,0.3514,0.4468,10,0.4
FRA,Monaco,Monaco,Monaco,34,34,18,7,9,61,63,41,1.7941,1.8529,1.2059,0.6471,0.3235,0.1471,2.2941,1.2941,14.4412,9.8235,5.5588,3.8529,5.4118,3.4706,13.5294,13.5588,1.6765,0.1176,0.5952,0.5906,0.6093,0.3849,0.1283,0.3333,0.313,0.3651,0.4634,10,1.1
FRA,Montpellier,Montpellier,Montpellier,34,34,4,4,26,16,23,79,0.4706,0.6765,2.3235,-1.6471,0.0294,0.5882,0.7647,0.1765,10.9118,15.5294,3.4706,6.0,4.6765,5.2941,12.5588,13.5294,2.5588,0.2059,0.4127,0.3665,0.469,0.3181,0.062,0.1949,0.3873,0.3478,0.4684,22,0.3182
FRA,Nantes,Nantes,Nantes,34,34,8,12,14,36,39,52,1.0588,1.1471,1.5294,-0.3824,0.1765,0.2353,1.2353,0.8824,10.1765,12.3824,3.7647,4.4412,4.1765,6.2059,11.9706,11.9118,2.0294,0.1176,0.4511,0.4588,0.4023,0.3699,0.1127,0.3047,0.3444,0.4872,0.4423,12,0.3333
FRA,Nice,Nice,Nice,34,34,17,9,8,60,66,41,1.7647,1.9412,1.2059,0.7353,0.2353,0.1176,2.1765,1.3529,14.3824,13.3824,5.7353,4.8235,5.0,5.2941,11.4706,12.6765,1.7353,0.1471,0.518,0.5432,0.4857,0.3988,0.135,0.3385,0.25,0.5758,0.4146,6,0.6667
FRA,Paris Saint-Germain,Paris SG,Paris Saint-Germain,34,34,26,6,2,84,92,35,2.4706,2.7059,1.0294,1.6765,0.2059,0.0294,2.5882,2.3529,18.4412,9.2353,8.2941,3.0588,6.3529,3.2647,8.7647,10.3824,1.0882,0.0,0.6663,0.7306,0.6606,0.4498,0.1467,0.3262,0.3365,0.4022,0.3429,5,1.6
FRA,Reims,Reims,Reims,34,34,8,9,17,33,33,47,0.9706,0.9706,1.3824,-0.4118,0.2059,0.4412,0.9412,1.0,11.6471,14.5588,3.3235,5.4412,3.9412,5.7941,11.5,11.4118,1.8529,0.1471,0.4444,0.3792,0.4048,0.2854,0.0833,0.292,0.2541,0.5152,0.5319,16,0.125
FRA,Rennes,Rennes,Rennes,34,34,13,2,19,41,51,50,1.2059,1.5,1.4706,0.0294,0.3235,0.2059,1.6471,0.7647,12.6765,10.9706,4.8235,4.1176,4.9706,3.7647,13.0294,11.9706,1.9706,0.0588,0.5361,0.5395,0.569,0.3805,0.1183,0.311,0.3571,0.451,0.5,12,0.0
FRA,Saint-Étienne,St Etienne,Saint-Étienne,34,34,8,6,20,30,39,77,0.8824,1.1471,2.2647,-1.1176,0.1471,0.2941,1.2353,0.5294,10.6471,15.9706,3.5588,6.3235,3.9706,5.8529,13.1765,11.3529,1.9118,0.0882,0.4,0.3601,0.4042,0.3343,0.1077,0.3223,0.3581,0.4359,0.4805,18,0.3889
FRA,Strasbourg,Strasbourg,Strasbourg,34,34,16,9,9,57,56,44,1.6765,1.6471,1.2941,0.3529,0.2941,0.1471,2.0588,1.2941,10.3824,13.5,4.2353,5.0294,4.1176,4.8235,11.5,12.7941,2.0588,0.0882,0.4347,0.4571,0.4605,0.4079,0.1586,0.3889,0.2573,0.4107,0.3636,6,1.3333
FRA,Toulouse,Toulouse,Toulouse,34,34,11,9,14,42,44,43,1.2353,1.2941,1.2647,0.0294,0.2941,0.2353,1.1765,1.2941,11.7353,10.1176,4.5882,3.2647,4.7941,3.7647,12.8529,12.7059,1.5882,0.0882,0.537,0.5843,0.5601,0.391,0.1103,0.2821,0.3874,0.3864,0.3953,10,0.3
GER,Augsburg,Augsburg,Augsburg,34,34,11,10,13,43,35,51,1.2647,1.0294,1.5,-0.4706,0.3235,0.3529,1.3529,1.1765,11.6471,13.2941,3.5882,4.8529,4.5882,5.0588,10.3529,11.1176,2.2647,0.1471,0.467,0.4251,0.4756,0.3081,0.0884,0.2869,0.3091,0.4857,0.4706,10,0.1
GER,Bayern Munich,Bayern Munich,Bayern Munich,34,34,25,7,2,82,99,32,2.4118,2.9118,0.9412,1.9706,0.4706,0.0294,2.5882,2.2353,18.8235,6.7647,7.9118,2.5,6.4412,2.5882,8.6765,10.5294,1.4118,0.0294,0.7356,0.7599,0.7134,0.4203,0.1547,0.368,0.3765,0.4141,0.4062,3,0.6667
GER,Bochum,Bochum,Bochum,34,33,6,7,21,25,33,67,0.7353,0.9706,1.9706,-1.0,0.1765,0.3824,0.7647,0.7059,12.8485,13.9091,4.1515,4.6667,4.8182,5.3636,13.8788,8.8182,2.0606,0.0303,0.4802,0.4708,0.4732,0.3231,0.0731,0.2263,0.4351,0.4839,0.4478,16,0.375
GER,Borussia Dortmund,Dortmund,Dortmund,34,34,17,6,11,57,71,51,1.6765,2.0882,1.5,0.5882,0.2059,0.1471,2.1176,1.2353,14.0882,11.0,4.8529,4.2647,5.6176,3.9412,9.7353,10.5,1.9706,0.1765,0.5615,0.5323,0.5877,0.3445,0.1482,0.4303,0.3517,0.4225,0.4706,10,0.3
GER,Eintracht Frankfurt,Ein Frankfurt,Eintracht Frankfurt,34,34,17,9,8,60,68,46,1.7647,2.0,1.3529,0.6471,0.2647,0.1176,2.0,1.5294,14.0588,13.5,5.3824,4.8824,4.9412,5.0588,10.0588,9.5294,1.6176,0.0294,0.5101,0.5244,0.4941,0.3828,0.1423,0.3716,0.2771,0.5,0.3913,5,0.2
GER,Freiburg,Freiburg,Freiburg,34,34,16,7,11,55,49,53,1.6176,1.4412,1.5588,-0.1176,0.3235,0.2353,1.7647,1.4706,11.8824,12.6765,4.2353,4.4706,3.8824,4.3235,9.2941,10.1471,1.6176,0.0588,0.4838,0.4865,0.4731,0.3564,0.1213,0.3403,0.3487,0.4286,0.3962,9,0.4444
GER,Heidenheim,Heidenheim,Heidenheim,34,34,8,5,21,29,37,64,0.8529,1.0882,1.8824,-0.7941,0.2647,0.4118,0.6471,1.0588,11.9412,13.4706,3.9412,5.1471,4.1176,4.8824,11.3235,11.9706,1.8529,0.0294,0.4699,0.4337,0.4575,0.33,0.0911,0.2761,0.3657,0.4054,0.5,17,0.0588
GER,Hoffenheim,Hoffenheim,Hoffenheim,34,34,7,11,16,32,46,68,0.9412,1.3529,2.0,-0.6471,0.1176,0.2647,1.0,0.8824,12.9412,14.1471,4.5294,5.1176,4.6176,5.5588,11.5588,11.3235,1.9412,0.0588,0.4777,0.4695,0.4538,0.35,0.1045,0.2987,0.3908,0.4565,0.5,17,0.3529
GER,Holstein Kiel,Holstein Kiel,Holstein Kiel,34,34,6,7,21,25,49,80,0.7353,1.4412,2.3529,-0.9118,0.0588,0.2059,0.8235,0.6471,10.7941,16.1765,4.1471,5.9412,3.5294,6.5882,11.9706,11.0,2.2647,0.1471,0.4002,0.4111,0.3488,0.3842,0.1335,0.3475,0.396,0.4898,0.525,21,0.1429
GER,Bayer Leverkusen,Leverkusen,Leverkusen,34,34,19,12,3,69,72,43,2.0294,2.1176,1.2647,0.8529,0.2647,0.1471,2.0,2.0588,14.9118,9.8824,5.6471,4.0294,6.3529,3.3824,9.5588,10.7941,1.7647,0.0294,0.6014,0.5836,0.6526,0.3787,0.142,0.375,0.3139,0.5556,0.4884,6,1.3333
GER,Borussia Mönchengladbach,M'gladbach,Gladbach,34,34,13,6,15,45,55,57,1.3235,1.6176,1.6765,-0.0588,0.2059,0.1765,1.4118,1.2353,12.1176,17.0294,4.8529,5.6471,4.6471,5.2941,9.9412,9.9412,1.5588,0.0882,0.4157,0.4622,0.4675,0.4005,0.1335,0.3333,0.2969,0.4545,0.386,10,0.0
GER,Mainz 05,Mainz,Mainz 05,34,34,14,10,10,52,55,43,1.5294,1.6176,1.2647,0.3529,0.2647,0.2353,1.5294,1.5294,12.2059,13.5294,4.4118,4.6765,4.8235,5.0882,11.9706,10.2647,2.1765,0.1471,0.4743,0.4854,0.4866,0.3614,0.1325,0.3667,0.2704,0.4909,0.5116,11,0.5455
GER,RB Leipzig,RB Leipzig,RB Leipzig,34,34,13,12,9,51,53,48,1.5,1.5588,1.4118,0.1471,0.4118,0.2647,1.7647,1.2353,11.9706,14.6471,4.4706,4.8235,4.7353,5.5,11.1176,10.1471,1.9706,0.1471,0.4497,0.481,0.4626,0.3735,0.1302,0.3487,0.2927,0.5849,0.4375,8,1.125
GER,St. Pauli,St Pauli,St Pauli,34,34,8,8,18,32,28,41,0.9412,0.8235,1.2059,-0.3824,0.2647,0.5,0.8235,1.0588,11.0294,11.1471,3.3529,4.2941,4.3529,4.5294,10.3824,10.8235,1.5882,0.1176,0.4973,0.4385,0.4901,0.304,0.0747,0.2456,0.2808,0.4643,0.4634,12,0.1667
GER,Stuttgart,Stuttgart,Stuttgart,34,34,14,8,12,50,64,53,1.4706,1.8824,1.5588,0.3235,0.2059,0.1765,1.3529,1.5882,13.7353,11.2941,5.4412,4.0294,5.2941,4.7353,10.5294,12.5882,2.1176,0.1176,0.5488,0.5745,0.5279,0.3961,0.137,0.3459,0.3869,0.4219,0.4151,8,1.25
GER,Union Berlin,Union Berlin,Union Berlin,34,33,10,10,14,40,35,51,1.1765,1.0294,1.5,-0.4706,0.2353,0.4118,1.2353,1.1176,11.9394,12.303,3.6364,4.2727,4.3939,4.8788,12.3636,9.5455,2.1212,0.0303,0.4925,0.4598,0.4739,0.3046,0.0888,0.2917,0.3475,0.5429,0.551,13,0.6154
GER,Werder Bremen,Werder Bremen,Werder Bremen,34,34,14,9,11,51,54,57,1.5,1.5882,1.6765,-0.0882,0.2941,0.2647,1.2353,1.7647,12.4118,13.6176,4.3235,4.7647,4.7353,4.7647,9.8529,12.4706,2.1765,0.1471,0.4768,0.4757,0.4985,0.3483,0.128,0.3673,0.3519,0.4815,0.5439,11,0.2727
GER,Wolfsburg,Wolfsburg,Wolfsburg,34,34,11,10,13,43,56,54,1.2647,1.6471,1.5882,0.0588,0.1765,0.2059,0.9412,1.5882,12.7941,13.7941,4.2353,4.7647,4.8529,5.2353,10.3235,11.1471,2.2353,0.0882,0.4812,0.4706,0.481,0.331,0.1287,0.3889,0.3333,0.375,0.4444,13,0.5385
ITA,Atalanta,Atalanta,Atalanta,38,38,22,8,8,74,78,37,1.9474,2.0526,0.9737,1.0789,0.3947,0.1842,1.6842,2.2105,14.3158,10.5789,5.1053,4.0263,5.0789,3.2632,11.4211,10.8421,1.7632,0.0263,0.5751,0.5591,0.6088,0.3566,0.1434,0.4021,0.2418,0.4872,0.4865,8,1.375
ITA,Bologna,Bologna,Bologna,38,38,16,14,8,62,57,47,1.6316,1.5,1.2368,0.2632,0.3158,0.1842,1.9474,1.3158,13.5263,8.4737,4.6053,2.8684,4.9737,3.1842,14.0789,16.7895,1.6053,0.1053,0.6148,0.6162,0.6097,0.3405,0.1109,0.3257,0.4312,0.2807,0.4681,12,0.8333
ITA,Cagliari,Cagliari,Cagliari,38,38,9,9,20,36,40,56,0.9474,1.0526,1.4737,-0.4211,0.1842,0.3947,1.1579,0.7368,11.0526,13.1053,3.1842,4.0789,4.7632,5.0,13.1579,11.1053,1.7895,0.0789,0.4575,0.4384,0.4879,0.2881,0.0952,0.3306,0.3613,0.375,0.4464,16,0.3125
ITA,Como,Como,Como,38,38,13,10,15,49,49,52,1.2895,1.2895,1.3684,-0.0789,0.1842,0.2105,1.5263,1.0526,13.6316,10.0789,4.7632,3.9737,4.3947,3.8684,13.0789,14.4211,2.2895,0.1842,0.5749,0.5452,0.5318,0.3494,0.0946,0.2707,0.3444,0.4286,0.3462,10,0.6
ITA,Empoli,Empoli,Empoli,38,38,6,13,19,31,33,59,0.8158,0.8684,1.5526,-0.6842,0.1579,0.3947,0.6842,0.9474,9.6053,13.2632,2.8947,4.1842,4.4737,5.1053,14.8947,12.8421,1.7368,0.1316,0.42,0.4089,0.467,0.3014,0.0904,0.3,0.3711,0.5455,0.3729,10,0.3
ITA,Fiorentina,Fiorentina,Fiorentina,38,38,19,8,11,65,60,41,1.7105,1.5789,1.0789,0.5,0.3158,0.2105,2.1053,1.3158,11.2895,11.4737,4.4737,3.8684,3.8684,4.1053,11.5789,15.3947,2.1316,0.0789,0.496,0.5363,0.4851,0.3963,0.1399,0.3529,0.2789,0.5333,0.4634,10,0.8
ITA,Genoa,Genoa,Genoa,38,38,10,13,15,43,37,49,1.1316,0.9737,1.2895,-0.3158,0.2895,0.3421,1.1579,1.1053,10.1053,12.5526,3.2105,4.3158,4.0789,5.3158,13.0526,12.5263,1.8684,0.0263,0.446,0.4266,0.4342,0.3177,0.0964,0.3033,0.2988,0.3243,0.3673,12,0.5
ITA,Inter,Inter,Inter,38,38,24,9,5,81,79,35,2.1316,2.0789,0.9211,1.1579,0.4211,0.1053,2.2632,2.0,15.0263,10.4737,5.1053,3.5,5.8158,3.6842,10.8947,11.4211,1.5,0.0263,0.5893,0.5933,0.6122,0.3398,0.1384,0.4072,0.2632,0.4937,0.3714,3,1.3333
ITA,Juventus,Juventus,Juventus,38,38,18,16,4,70,58,35,1.8421,1.5263,0.9211,0.6053,0.4474,0.1842,2.1053,1.5789,13.5,10.4474,5.0,3.2368,5.0,4.5263,12.6579,10.1579,1.7368,0.0789,0.5637,0.607,0.5249,0.3704,0.1131,0.3053,0.2846,0.4828,0.4571,7,0.8571
ITA,Lazio,Lazio,Lazio,38,38,18,11,9,65,61,49,1.7105,1.6053,1.2895,0.3158,0.2368,0.1579,1.5789,1.8421,14.1053,10.1316,5.2368,3.2632,6.0263,4.4211,11.1579,13.3684,2.4211,0.1842,0.582,0.6161,0.5768,0.3713,0.1138,0.3065,0.3952,0.3934,0.3878,10,0.3
ITA,Lecce,Lecce,Lecce,38,38,8,10,20,34,27,58,0.8947,0.7105,1.5263,-0.8158,0.2368,0.4737,0.9474,0.8421,11.8947,14.0,3.3158,4.9211,4.3421,6.0263,12.2368,11.9211,1.5789,0.1579,0.4593,0.4026,0.4188,0.2788,0.0597,0.2143,0.3102,0.4815,0.431,13,0.0769
ITA,Milan,Milan,Milan,38,38,18,9,11,63,61,43,1.6579,1.6053,1.1316,0.4737,0.3421,0.1316,1.7895,1.5263,14.6579,11.2895,5.1579,3.7895,5.7105,4.1842,10.9211,11.7632,1.7895,0.1579,0.5649,0.5765,0.5771,0.3519,0.1095,0.3112,0.2986,0.4098,0.4419,10,0.8
ITA,Monza,Monza,Monza,38,38,3,9,26,18,28,69,0.4737,0.7368,1.8158,-1.0789,0.0789,0.4474,0.4211,0.5263,8.7632,14.8158,2.7368,4.8684,3.5789,5.1053,13.4474,14.8158,2.3684,0.0789,0.3717,0.3599,0.4121,0.3123,0.0841,0.2692,0.373,0.5357,0.4348,16,0.0625
ITA,Napoli,Napoli,Napoli,38,38,24,10,4,82,59,27,2.1579,1.5526,0.7105,0.8421,0.5,0.1579,2.3684,1.9474,13.2895,9.5263,4.1842,2.5526,5.5,3.8947,10.9211,12.3421,1.2105,0.0,0.5825,0.6211,0.5854,0.3149,0.1168,0.3711,0.2784,0.4915,0.4815,5,2.0
ITA,Parma,Parma,Parma,38,38,7,15,16,36,44,58,0.9474,1.1579,1.5263,-0.3684,0.1842,0.2895,1.1053,0.7895,11.1316,14.2105,3.8947,4.3684,4.4211,5.8684,10.6579,12.7105,1.9474,0.1316,0.4393,0.4713,0.4297,0.3499,0.104,0.2973,0.3494,0.3636,0.3966,13,0.6154
ITA,Roma,Roma,Roma,38,38,20,9,9,69,56,35,1.8158,1.4737,0.9211,0.5526,0.4211,0.1579,2.1579,1.4737,13.3947,11.5,4.5789,4.0263,4.4737,4.0,10.6579,13.2632,1.6842,0.0263,0.5381,0.5321,0.528,0.3418,0.11,0.3218,0.2288,0.3929,0.4857,9,1.2222
ITA,Torino,Torino,Torino,38,38,10,14,14,44,39,45,1.1579,1.0263,1.1842,-0.1579,0.2632,0.3421,1.3158,1.0,10.1316,13.8158,3.3947,4.7895,4.1579,5.1053,12.6316,10.8158,2.1053,0.0789,0.4231,0.4148,0.4489,0.3351,0.1013,0.3023,0.2473,0.3846,0.4667,13,0.2308
ITA,Udinese,Udinese,Udinese,38,38,12,8,18,44,41,56,1.1579,1.0789,1.4737,-0.3947,0.2368,0.3158,1.2632,1.0526,11.4737,13.2105,3.7895,4.4737,4.6842,5.2895,14.1053,10.6053,2.2105,0.1316,0.4648,0.4586,0.4697,0.3303,0.094,0.2847,0.3294,0.439,0.3929,12,0.5833
ITA,Venezia,Venezia,Venezia,38,38,5,14,19,29,32,56,0.7632,0.8421,1.4737,-0.6316,0.1579,0.4474,1.0526,0.4737,10.0,14.4211,3.4211,4.9474,3.7632,5.8684,13.2368,13.0263,2.0,0.0526,0.4095,0.4088,0.3907,0.3421,0.0842,0.2462,0.2979,0.4375,0.3929,10,0.4
ITA,Hellas Verona,Verona,Hellas Verona,38,38,10,7,21,37,34,66,0.9737,0.8947,1.7368,-0.8421,0.2105,0.4474,0.8947,1.0526,9.6579,13.1842,2.6579,4.6579,4.0,5.2895,15.2368,9.8947,2.4737,0.2368,0.4228,0.3633,0.4306,0.2752,0.0926,0.3366,0.3729,0.4118,0.6364,17,0.1176
